INSERT INTO public.banners_components (id, field, "order", component_type, component_id, banner_id) VALUES (1, 'items', 1, 'components_variants_items', 1, 1);
INSERT INTO public.banners_components (id, field, "order", component_type, component_id, banner_id) VALUES (2, 'items', 2, 'components_variants_items', 2, 1);
INSERT INTO public.banners_components (id, field, "order", component_type, component_id, banner_id) VALUES (3, 'items', 3, 'components_variants_items', 3, 1);INSERT INTO public.banners (id, slug, name, created_by, updated_by, created_at, updated_at) VALUES (1, 'banner-home-fullwidth', 'Banner Home Fullwidth', 1, 1, '2021-04-18 01:32:21.461000', '2021-04-18 01:32:21.548000');INSERT INTO public.brands_products__products_brands (id, product_id, brand_id) VALUES (1, 1, 1);INSERT INTO public.brands (id, name, slug, created_by, updated_by, created_at, updated_at) VALUES (1, 'Apple', 'apple', 1, 1, '2021-04-18 00:43:23.861000', '2021-04-18 00:43:23.879000');
INSERT INTO public.brands (id, name, slug, created_by, updated_by, created_at, updated_at) VALUES (2, 'Marshall', 'marshall', 1, 1, '2021-04-18 00:43:40.961000', '2021-04-18 00:43:40.971000');INSERT INTO public.collections_products__products_collections (id, collection_id, product_id) VALUES (1, 4, 1);
INSERT INTO public.collections_products__products_collections (id, collection_id, product_id) VALUES (2, 5, 1);
INSERT INTO public.collections_products__products_collections (id, collection_id, product_id) VALUES (3, 6, 1);
INSERT INTO public.collections_products__products_collections (id, collection_id, product_id) VALUES (4, 7, 1);
INSERT INTO public.collections_products__products_collections (id, collection_id, product_id) VALUES (5, 1, 1);INSERT INTO public.collections (id, name, slug, created_by, updated_by, created_at, updated_at) VALUES (1, 'Consumer Electronics', 'consumer-electronics', 1, 1, '2021-04-18 01:08:26.750000', '2021-04-18 01:08:26.767000');
INSERT INTO public.collections (id, name, slug, created_by, updated_by, created_at, updated_at) VALUES (2, 'Clothings', 'clothings', 1, 1, '2021-04-18 01:08:42.493000', '2021-04-18 01:08:42.502000');
INSERT INTO public.collections (id, name, slug, created_by, updated_by, created_at, updated_at) VALUES (3, 'Garden & kitchen', 'garden-and-kitchen', 1, 1, '2021-04-18 01:09:25.500000', '2021-04-18 01:09:25.509000');
INSERT INTO public.collections (id, name, slug, created_by, updated_by, created_at, updated_at) VALUES (4, 'Shop Best Seller Items', 'shop-best-seller-items', 1, 1, '2021-04-18 02:29:16.335000', '2021-04-18 02:29:16.345000');
INSERT INTO public.collections (id, name, slug, created_by, updated_by, created_at, updated_at) VALUES (5, 'Shop Recommend Items', 'shop-recommend-items', 1, 1, '2021-04-18 02:29:37.061000', '2021-04-18 02:29:37.067000');
INSERT INTO public.collections (id, name, slug, created_by, updated_by, created_at, updated_at) VALUES (6, 'Shop Top Deals Super Hot Today', 'shop-top-deals-super-hot-today', 1, 1, '2021-04-18 02:29:58.235000', '2021-04-18 02:29:58.242000');
INSERT INTO public.collections (id, name, slug, created_by, updated_by, created_at, updated_at) VALUES (7, 'Best Seller Products', 'best-seller-products', 1, 1, '2021-04-18 02:30:13.012000', '2021-04-18 02:30:13.020000');INSERT INTO public.components_items_items (id, name, slug, link) VALUES (1, 'Main1', 'main_1', null);
INSERT INTO public.components_items_items (id, name, slug, link) VALUES (2, 'Main 2', 'main_2', null);
INSERT INTO public.components_items_items (id, name, slug, link) VALUES (3, 'Middle 1', 'middle_1', null);
INSERT INTO public.components_items_items (id, name, slug, link) VALUES (4, 'Middle 2', 'middle_2', null);
INSERT INTO public.components_items_items (id, name, slug, link) VALUES (5, 'Middle 3', 'middle_3', null);
INSERT INTO public.components_items_items (id, name, slug, link) VALUES (6, 'Footer 1', 'footer_1', null);
INSERT INTO public.components_items_items (id, name, slug, link) VALUES (7, 'Footer 2', 'footer_2', null);INSERT INTO public.components_variants_items (id, "isImage", title, "desc", btn_text, desc_hightlight, text_on_top) VALUES (1, true, null, null, null, null, null);
INSERT INTO public.components_variants_items (id, "isImage", title, "desc", btn_text, desc_hightlight, text_on_top) VALUES (2, true, null, null, null, null, null);
INSERT INTO public.components_variants_items (id, "isImage", title, "desc", btn_text, desc_hightlight, text_on_top) VALUES (3, true, null, null, null, null, null);INSERT INTO public.core_store (id, key, value, type, environment, tag) VALUES (1, 'db_model_core_store', '{"key":{"type":"string"},"value":{"type":"text"},"type":{"type":"string"},"environment":{"type":"string"},"tag":{"type":"string"}}', 'object', null, null);
INSERT INTO public.core_store (id, key, value, type, environment, tag) VALUES (2, 'db_model_components_product_size_sizes', '{"name":{"type":"string"},"character":{"type":"string"}}', 'object', null, null);
INSERT INTO public.core_store (id, key, value, type, environment, tag) VALUES (3, 'db_model_components_variants_variants', '{"images":{"collection":"file","via":"related","plugin":"upload","required":false},"price":{"type":"decimal"},"sale_price":{"type":"decimal"},"thumbnail":{"model":"file","via":"related","allowedTypes":["images","files","videos"],"plugin":"upload","required":false},"name":{"type":"string"},"sizes":{"type":"component","repeatable":true,"component":"product-size.sizes"},"is_sale":{"type":"boolean","default":false}}', 'object', null, null);
INSERT INTO public.core_store (id, key, value, type, environment, tag) VALUES (4, 'db_model_components_variants_items', '{"isImage":{"type":"boolean","default":true},"image":{"model":"file","via":"related","allowedTypes":["images","files","videos"],"plugin":"upload","required":false},"title":{"type":"string"},"desc":{"type":"string"},"btn_text":{"type":"string"},"desc_hightlight":{"type":"string"},"text_on_top":{"type":"string"}}', 'object', null, null);
INSERT INTO public.core_store (id, key, value, type, environment, tag) VALUES (5, 'db_model_components_items_items', '{"name":{"type":"string"},"slug":{"type":"string"},"image":{"model":"file","via":"related","allowedTypes":["images","files","videos"],"plugin":"upload","required":false},"link":{"type":"string"}}', 'object', null, null);
INSERT INTO public.core_store (id, key, value, type, environment, tag) VALUES (6, 'db_model_banners', '{"slug":{"type":"string"},"name":{"type":"string"},"items":{"type":"component","repeatable":true,"component":"variants.items"},"created_by":{"model":"user","plugin":"admin"},"updated_by":{"model":"user","plugin":"admin"},"created_at":{"type":"currentTimestamp"},"updated_at":{"type":"currentTimestamp"}}', 'object', null, null);
INSERT INTO public.core_store (id, key, value, type, environment, tag) VALUES (7, 'db_model_product_categories', '{"name":{"type":"string"},"slug":{"type":"string"},"products":{"via":"product_categories","collection":"product","attribute":"product","column":"id","isVirtual":true},"created_by":{"model":"user","plugin":"admin"},"updated_by":{"model":"user","plugin":"admin"},"created_at":{"type":"currentTimestamp"},"updated_at":{"type":"currentTimestamp"}}', 'object', null, null);
INSERT INTO public.core_store (id, key, value, type, environment, tag) VALUES (8, 'db_model_brands', '{"name":{"type":"string"},"slug":{"type":"string"},"products":{"via":"brands","collection":"product","attribute":"product","column":"id","isVirtual":true},"created_by":{"model":"user","plugin":"admin"},"updated_by":{"model":"user","plugin":"admin"},"created_at":{"type":"currentTimestamp"},"updated_at":{"type":"currentTimestamp"}}', 'object', null, null);
INSERT INTO public.core_store (id, key, value, type, environment, tag) VALUES (9, 'db_model_strapi_permission', '{"action":{"type":"string","minLength":1,"configurable":false,"required":true},"subject":{"type":"string","minLength":1,"configurable":false,"required":false},"fields":{"type":"json","configurable":false,"required":false,"default":[]},"conditions":{"type":"json","configurable":false,"required":false,"default":[]},"role":{"configurable":false,"model":"role","plugin":"admin"},"created_at":{"type":"currentTimestamp"},"updated_at":{"type":"currentTimestamp"}}', 'object', null, null);
INSERT INTO public.core_store (id, key, value, type, environment, tag) VALUES (10, 'db_model_promotions', '{"name":{"type":"string"},"slug":{"type":"string"},"items":{"type":"component","repeatable":true,"component":"items.items"},"created_by":{"model":"user","plugin":"admin"},"updated_by":{"model":"user","plugin":"admin"},"created_at":{"type":"currentTimestamp"},"updated_at":{"type":"currentTimestamp"}}', 'object', null, null);
INSERT INTO public.core_store (id, key, value, type, environment, tag) VALUES (11, 'db_model_collections', '{"name":{"type":"string"},"slug":{"type":"string"},"products":{"via":"collections","collection":"product","dominant":true,"attribute":"product","column":"id","isVirtual":true},"created_by":{"model":"user","plugin":"admin"},"updated_by":{"model":"user","plugin":"admin"},"created_at":{"type":"currentTimestamp"},"updated_at":{"type":"currentTimestamp"}}', 'object', null, null);
INSERT INTO public.core_store (id, key, value, type, environment, tag) VALUES (12, 'db_model_products', '{"title":{"type":"string"},"product_categories":{"collection":"product-categories","via":"products","dominant":true,"attribute":"product-category","column":"id","isVirtual":true},"images":{"collection":"file","via":"related","plugin":"upload","required":false},"is_featured":{"type":"boolean","default":false},"is_hot":{"type":"boolean","default":false},"price":{"type":"decimal"},"sale_price":{"type":"decimal"},"vendor":{"type":"string"},"brands":{"collection":"brand","via":"products","dominant":true,"attribute":"brand","column":"id","isVirtual":true},"review":{"type":"integer"},"is_out_of_stock":{"type":"boolean","default":false},"depot":{"type":"integer"},"inventory":{"type":"integer"},"variants":{"type":"component","repeatable":true,"component":"variants.variants"},"is_active":{"type":"boolean","default":true},"is_sale":{"type":"boolean","default":false},"thumbnail":{"model":"file","via":"related","plugin":"upload","required":false},"collections":{"collection":"collection","via":"products","attribute":"collection","column":"id","isVirtual":true},"slug":{"type":"string"},"created_by":{"model":"user","plugin":"admin"},"updated_by":{"model":"user","plugin":"admin"},"created_at":{"type":"currentTimestamp"},"updated_at":{"type":"currentTimestamp"}}', 'object', null, null);
INSERT INTO public.core_store (id, key, value, type, environment, tag) VALUES (13, 'db_model_users-permissions_permission', '{"type":{"type":"string","required":true,"configurable":false},"controller":{"type":"string","required":true,"configurable":false},"action":{"type":"string","required":true,"configurable":false},"enabled":{"type":"boolean","required":true,"configurable":false},"policy":{"type":"string","configurable":false},"role":{"model":"role","via":"permissions","plugin":"users-permissions","configurable":false},"created_by":{"model":"user","plugin":"admin"},"updated_by":{"model":"user","plugin":"admin"}}', 'object', null, null);
INSERT INTO public.core_store (id, key, value, type, environment, tag) VALUES (14, 'db_model_strapi_webhooks', '{"name":{"type":"string"},"url":{"type":"text"},"headers":{"type":"json"},"events":{"type":"json"},"enabled":{"type":"boolean"}}', 'object', null, null);
INSERT INTO public.core_store (id, key, value, type, environment, tag) VALUES (15, 'db_model_strapi_administrator', '{"firstname":{"type":"string","unique":false,"minLength":1,"configurable":false,"required":false},"lastname":{"type":"string","unique":false,"minLength":1,"configurable":false,"required":false},"username":{"type":"string","unique":false,"configurable":false,"required":false},"email":{"type":"email","minLength":6,"configurable":false,"required":true,"unique":true,"private":true},"password":{"type":"password","minLength":6,"configurable":false,"required":false,"private":true},"resetPasswordToken":{"type":"string","configurable":false,"private":true},"registrationToken":{"type":"string","configurable":false,"private":true},"isActive":{"type":"boolean","default":false,"configurable":false,"private":true},"roles":{"collection":"role","collectionName":"strapi_users_roles","via":"users","dominant":true,"plugin":"admin","configurable":false,"private":true,"attribute":"role","column":"id","isVirtual":true},"blocked":{"type":"boolean","default":false,"configurable":false,"private":true}}', 'object', null, null);
INSERT INTO public.core_store (id, key, value, type, environment, tag) VALUES (17, 'db_model_upload_file', '{"name":{"type":"string","configurable":false,"required":true},"alternativeText":{"type":"string","configurable":false},"caption":{"type":"string","configurable":false},"width":{"type":"integer","configurable":false},"height":{"type":"integer","configurable":false},"formats":{"type":"json","configurable":false},"hash":{"type":"string","configurable":false,"required":true},"ext":{"type":"string","configurable":false},"mime":{"type":"string","configurable":false,"required":true},"size":{"type":"decimal","configurable":false,"required":true},"url":{"type":"string","configurable":false,"required":true},"previewUrl":{"type":"string","configurable":false},"provider":{"type":"string","configurable":false,"required":true},"provider_metadata":{"type":"json","configurable":false},"related":{"collection":"*","filter":"field","configurable":false},"created_by":{"model":"user","plugin":"admin"},"updated_by":{"model":"user","plugin":"admin"},"created_at":{"type":"currentTimestamp"},"updated_at":{"type":"currentTimestamp"}}', 'object', null, null);
INSERT INTO public.core_store (id, key, value, type, environment, tag) VALUES (32, 'plugin_content_manager_configuration_content_types::application::promotions.promotions', '{"uid":"application::promotions.promotions","settings":{"bulkable":true,"filterable":true,"searchable":true,"pageSize":10,"mainField":"name","defaultSortBy":"name","defaultSortOrder":"ASC"},"metadatas":{"id":{"edit":{},"list":{"label":"Id","searchable":true,"sortable":true}},"name":{"edit":{"label":"Name","description":"","placeholder":"","visible":true,"editable":true},"list":{"label":"Name","searchable":true,"sortable":true}},"slug":{"edit":{"label":"Slug","description":"","placeholder":"","visible":true,"editable":true},"list":{"label":"Slug","searchable":true,"sortable":true}},"items":{"edit":{"label":"Items","description":"","placeholder":"","visible":true,"editable":true},"list":{"label":"Items","searchable":false,"sortable":false}},"created_at":{"edit":{"label":"Created_at","description":"","placeholder":"","visible":false,"editable":true},"list":{"label":"Created_at","searchable":true,"sortable":true}},"updated_at":{"edit":{"label":"Updated_at","description":"","placeholder":"","visible":false,"editable":true},"list":{"label":"Updated_at","searchable":true,"sortable":true}}},"layouts":{"list":["id","name","slug","created_at"],"editRelations":[],"edit":[[{"name":"name","size":6},{"name":"slug","size":6}],[{"name":"items","size":12}]]}}', 'object', '', '');
INSERT INTO public.core_store (id, key, value, type, environment, tag) VALUES (18, 'db_model_strapi_role', '{"name":{"type":"string","minLength":1,"unique":true,"configurable":false,"required":true},"code":{"type":"string","minLength":1,"unique":true,"configurable":false,"required":true},"description":{"type":"string","configurable":false},"users":{"configurable":false,"collection":"user","via":"roles","plugin":"admin","attribute":"user","column":"id","isVirtual":true},"permissions":{"configurable":false,"plugin":"admin","collection":"permission","via":"role","isVirtual":true},"created_at":{"type":"currentTimestamp"},"updated_at":{"type":"currentTimestamp"}}', 'object', null, null);
INSERT INTO public.core_store (id, key, value, type, environment, tag) VALUES (36, 'plugin_content_manager_configuration_content_types::plugins::upload.file', '{"uid":"plugins::upload.file","settings":{"bulkable":true,"filterable":true,"searchable":true,"pageSize":10,"mainField":"name","defaultSortBy":"name","defaultSortOrder":"ASC"},"metadatas":{"id":{"edit":{},"list":{"label":"Id","searchable":true,"sortable":true}},"name":{"edit":{"label":"Name","description":"","placeholder":"","visible":true,"editable":true},"list":{"label":"Name","searchable":true,"sortable":true}},"alternativeText":{"edit":{"label":"AlternativeText","description":"","placeholder":"","visible":true,"editable":true},"list":{"label":"AlternativeText","searchable":true,"sortable":true}},"caption":{"edit":{"label":"Caption","description":"","placeholder":"","visible":true,"editable":true},"list":{"label":"Caption","searchable":true,"sortable":true}},"width":{"edit":{"label":"Width","description":"","placeholder":"","visible":true,"editable":true},"list":{"label":"Width","searchable":true,"sortable":true}},"height":{"edit":{"label":"Height","description":"","placeholder":"","visible":true,"editable":true},"list":{"label":"Height","searchable":true,"sortable":true}},"formats":{"edit":{"label":"Formats","description":"","placeholder":"","visible":true,"editable":true},"list":{"label":"Formats","searchable":false,"sortable":false}},"hash":{"edit":{"label":"Hash","description":"","placeholder":"","visible":true,"editable":true},"list":{"label":"Hash","searchable":true,"sortable":true}},"ext":{"edit":{"label":"Ext","description":"","placeholder":"","visible":true,"editable":true},"list":{"label":"Ext","searchable":true,"sortable":true}},"mime":{"edit":{"label":"Mime","description":"","placeholder":"","visible":true,"editable":true},"list":{"label":"Mime","searchable":true,"sortable":true}},"size":{"edit":{"label":"Size","description":"","placeholder":"","visible":true,"editable":true},"list":{"label":"Size","searchable":true,"sortable":true}},"url":{"edit":{"label":"Url","description":"","placeholder":"","visible":true,"editable":true},"list":{"label":"Url","searchable":true,"sortable":true}},"previewUrl":{"edit":{"label":"PreviewUrl","description":"","placeholder":"","visible":true,"editable":true},"list":{"label":"PreviewUrl","searchable":true,"sortable":true}},"provider":{"edit":{"label":"Provider","description":"","placeholder":"","visible":true,"editable":true},"list":{"label":"Provider","searchable":true,"sortable":true}},"provider_metadata":{"edit":{"label":"Provider_metadata","description":"","placeholder":"","visible":true,"editable":true},"list":{"label":"Provider_metadata","searchable":false,"sortable":false}},"related":{"edit":{"label":"Related","description":"","placeholder":"","visible":true,"editable":true,"mainField":"id"},"list":{"label":"Related","searchable":false,"sortable":false}},"created_at":{"edit":{"label":"Created_at","description":"","placeholder":"","visible":false,"editable":true},"list":{"label":"Created_at","searchable":true,"sortable":true}},"updated_at":{"edit":{"label":"Updated_at","description":"","placeholder":"","visible":false,"editable":true},"list":{"label":"Updated_at","searchable":true,"sortable":true}}},"layouts":{"list":["id","name","alternativeText","caption"],"editRelations":["related"],"edit":[[{"name":"name","size":6},{"name":"alternativeText","size":6}],[{"name":"caption","size":6},{"name":"width","size":4}],[{"name":"height","size":4}],[{"name":"formats","size":12}],[{"name":"hash","size":6},{"name":"ext","size":6}],[{"name":"mime","size":6},{"name":"size","size":4}],[{"name":"url","size":6},{"name":"previewUrl","size":6}],[{"name":"provider","size":6}],[{"name":"provider_metadata","size":12}]]}}', 'object', '', '');
INSERT INTO public.core_store (id, key, value, type, environment, tag) VALUES (44, 'plugin_content_manager_configuration_components::variants.variants', '{"uid":"variants.variants","isComponent":true,"settings":{"bulkable":true,"filterable":true,"searchable":true,"pageSize":10,"mainField":"name","defaultSortBy":"name","defaultSortOrder":"ASC"},"metadatas":{"id":{"edit":{},"list":{"label":"Id","searchable":false,"sortable":false}},"images":{"edit":{"label":"Images","description":"","placeholder":"","visible":true,"editable":true},"list":{"label":"Images","searchable":false,"sortable":false}},"price":{"edit":{"label":"Price","description":"","placeholder":"","visible":true,"editable":true},"list":{"label":"Price","searchable":true,"sortable":true}},"sale_price":{"edit":{"label":"Sale_price","description":"","placeholder":"","visible":true,"editable":true},"list":{"label":"Sale_price","searchable":true,"sortable":true}},"thumbnail":{"edit":{"label":"Thumbnail","description":"","placeholder":"","visible":true,"editable":true},"list":{"label":"Thumbnail","searchable":false,"sortable":false}},"name":{"edit":{"label":"Name","description":"","placeholder":"","visible":true,"editable":true},"list":{"label":"Name","searchable":true,"sortable":true}},"sizes":{"edit":{"label":"Sizes","description":"","placeholder":"","visible":true,"editable":true},"list":{"label":"Sizes","searchable":false,"sortable":false}},"is_sale":{"edit":{"label":"Is_sale","description":"","placeholder":"","visible":true,"editable":true},"list":{"label":"Is_sale","searchable":true,"sortable":true}}},"layouts":{"list":["id","images","price","sale_price"],"edit":[[{"name":"images","size":6},{"name":"price","size":4}],[{"name":"sale_price","size":4},{"name":"thumbnail","size":6}],[{"name":"name","size":6}],[{"name":"sizes","size":12}],[{"name":"is_sale","size":4}]],"editRelations":[]}}', 'object', '', '');
INSERT INTO public.core_store (id, key, value, type, environment, tag) VALUES (19, 'db_model_users-permissions_role', '{"name":{"type":"string","minLength":3,"required":true,"configurable":false},"description":{"type":"string","configurable":false},"type":{"type":"string","unique":true,"configurable":false},"permissions":{"collection":"permission","via":"role","plugin":"users-permissions","configurable":false,"isVirtual":true},"users":{"collection":"user","via":"role","configurable":false,"plugin":"users-permissions","isVirtual":true},"created_by":{"model":"user","plugin":"admin"},"updated_by":{"model":"user","plugin":"admin"}}', 'object', null, null);
INSERT INTO public.core_store (id, key, value, type, environment, tag) VALUES (33, 'plugin_content_manager_configuration_content_types::strapi::permission', '{"uid":"strapi::permission","settings":{"bulkable":true,"filterable":true,"searchable":true,"pageSize":10,"mainField":"action","defaultSortBy":"action","defaultSortOrder":"ASC"},"metadatas":{"id":{"edit":{},"list":{"label":"Id","searchable":true,"sortable":true}},"action":{"edit":{"label":"Action","description":"","placeholder":"","visible":true,"editable":true},"list":{"label":"Action","searchable":true,"sortable":true}},"subject":{"edit":{"label":"Subject","description":"","placeholder":"","visible":true,"editable":true},"list":{"label":"Subject","searchable":true,"sortable":true}},"fields":{"edit":{"label":"Fields","description":"","placeholder":"","visible":true,"editable":true},"list":{"label":"Fields","searchable":false,"sortable":false}},"conditions":{"edit":{"label":"Conditions","description":"","placeholder":"","visible":true,"editable":true},"list":{"label":"Conditions","searchable":false,"sortable":false}},"role":{"edit":{"label":"Role","description":"","placeholder":"","visible":true,"editable":true,"mainField":"name"},"list":{"label":"Role","searchable":false,"sortable":false}},"created_at":{"edit":{"label":"Created_at","description":"","placeholder":"","visible":false,"editable":true},"list":{"label":"Created_at","searchable":true,"sortable":true}},"updated_at":{"edit":{"label":"Updated_at","description":"","placeholder":"","visible":false,"editable":true},"list":{"label":"Updated_at","searchable":true,"sortable":true}}},"layouts":{"list":["id","action","subject","created_at"],"editRelations":["role"],"edit":[[{"name":"action","size":6},{"name":"subject","size":6}],[{"name":"fields","size":12}],[{"name":"conditions","size":12}]]}}', 'object', '', '');
INSERT INTO public.core_store (id, key, value, type, environment, tag) VALUES (20, 'db_model_collections_products__products_collections', '{"collection_id":{"type":"integer"},"product_id":{"type":"integer"}}', 'object', null, null);
INSERT INTO public.core_store (id, key, value, type, environment, tag) VALUES (21, 'db_model_products_product_categories__product_categories_products', '{"product_id":{"type":"integer"},"product-category_id":{"type":"integer"}}', 'object', null, null);
INSERT INTO public.core_store (id, key, value, type, environment, tag) VALUES (24, 'db_model_brands_products__products_brands', '{"product_id":{"type":"integer"},"brand_id":{"type":"integer"}}', 'object', null, null);
INSERT INTO public.core_store (id, key, value, type, environment, tag) VALUES (28, 'plugin_content_manager_configuration_content_types::application::brand.brand', '{"uid":"application::brand.brand","settings":{"bulkable":true,"filterable":true,"searchable":true,"pageSize":10,"mainField":"name","defaultSortBy":"name","defaultSortOrder":"ASC"},"metadatas":{"id":{"edit":{},"list":{"label":"Id","searchable":true,"sortable":true}},"name":{"edit":{"label":"Name","description":"","placeholder":"","visible":true,"editable":true},"list":{"label":"Name","searchable":true,"sortable":true}},"slug":{"edit":{"label":"Slug","description":"","placeholder":"","visible":true,"editable":true},"list":{"label":"Slug","searchable":true,"sortable":true}},"products":{"edit":{"label":"Products","description":"","placeholder":"","visible":true,"editable":true,"mainField":"title"},"list":{"label":"Products","searchable":false,"sortable":false}},"created_at":{"edit":{"label":"Created_at","description":"","placeholder":"","visible":false,"editable":true},"list":{"label":"Created_at","searchable":true,"sortable":true}},"updated_at":{"edit":{"label":"Updated_at","description":"","placeholder":"","visible":false,"editable":true},"list":{"label":"Updated_at","searchable":true,"sortable":true}}},"layouts":{"list":["id","name","slug","created_at"],"editRelations":["products"],"edit":[[{"name":"name","size":6},{"name":"slug","size":6}]]}}', 'object', '', '');
INSERT INTO public.core_store (id, key, value, type, environment, tag) VALUES (38, 'plugin_content_manager_configuration_content_types::plugins::users-permissions.role', '{"uid":"plugins::users-permissions.role","settings":{"bulkable":true,"filterable":true,"searchable":true,"pageSize":10,"mainField":"name","defaultSortBy":"name","defaultSortOrder":"ASC"},"metadatas":{"id":{"edit":{},"list":{"label":"Id","searchable":true,"sortable":true}},"name":{"edit":{"label":"Name","description":"","placeholder":"","visible":true,"editable":true},"list":{"label":"Name","searchable":true,"sortable":true}},"description":{"edit":{"label":"Description","description":"","placeholder":"","visible":true,"editable":true},"list":{"label":"Description","searchable":true,"sortable":true}},"type":{"edit":{"label":"Type","description":"","placeholder":"","visible":true,"editable":true},"list":{"label":"Type","searchable":true,"sortable":true}},"permissions":{"edit":{"label":"Permissions","description":"","placeholder":"","visible":true,"editable":true,"mainField":"type"},"list":{"label":"Permissions","searchable":false,"sortable":false}},"users":{"edit":{"label":"Users","description":"","placeholder":"","visible":true,"editable":true,"mainField":"username"},"list":{"label":"Users","searchable":false,"sortable":false}}},"layouts":{"list":["id","name","description","type"],"editRelations":["permissions","users"],"edit":[[{"name":"name","size":6},{"name":"description","size":6}],[{"name":"type","size":6}]]}}', 'object', '', '');
INSERT INTO public.core_store (id, key, value, type, environment, tag) VALUES (42, 'plugin_content_manager_configuration_components::product-size.sizes', '{"uid":"product-size.sizes","isComponent":true,"settings":{"bulkable":true,"filterable":true,"searchable":true,"pageSize":10,"mainField":"name","defaultSortBy":"name","defaultSortOrder":"ASC"},"metadatas":{"id":{"edit":{},"list":{"label":"Id","searchable":false,"sortable":false}},"name":{"edit":{"label":"Name","description":"","placeholder":"","visible":true,"editable":true},"list":{"label":"Name","searchable":true,"sortable":true}},"character":{"edit":{"label":"Character","description":"","placeholder":"","visible":true,"editable":true},"list":{"label":"Character","searchable":true,"sortable":true}}},"layouts":{"list":["id","name","character"],"edit":[[{"name":"name","size":6},{"name":"character","size":6}]],"editRelations":[]}}', 'object', '', '');
INSERT INTO public.core_store (id, key, value, type, environment, tag) VALUES (22, 'db_model_strapi_users_roles', '{"user_id":{"type":"integer"},"role_id":{"type":"integer"}}', 'object', null, null);
INSERT INTO public.core_store (id, key, value, type, environment, tag) VALUES (23, 'db_model_upload_file_morph', '{"upload_file_id":{"type":"integer"},"related_id":{"type":"integer"},"related_type":{"type":"text"},"field":{"type":"text"},"order":{"type":"integer"}}', 'object', null, null);
INSERT INTO public.core_store (id, key, value, type, environment, tag) VALUES (27, 'plugin_content_manager_configuration_content_types::application::banner.banner', '{"uid":"application::banner.banner","settings":{"bulkable":true,"filterable":true,"searchable":true,"pageSize":10,"mainField":"slug","defaultSortBy":"slug","defaultSortOrder":"ASC"},"metadatas":{"id":{"edit":{},"list":{"label":"Id","searchable":true,"sortable":true}},"slug":{"edit":{"label":"Slug","description":"","placeholder":"","visible":true,"editable":true},"list":{"label":"Slug","searchable":true,"sortable":true}},"name":{"edit":{"label":"Name","description":"","placeholder":"","visible":true,"editable":true},"list":{"label":"Name","searchable":true,"sortable":true}},"items":{"edit":{"label":"Items","description":"","placeholder":"","visible":true,"editable":true},"list":{"label":"Items","searchable":false,"sortable":false}},"created_at":{"edit":{"label":"Created_at","description":"","placeholder":"","visible":false,"editable":true},"list":{"label":"Created_at","searchable":true,"sortable":true}},"updated_at":{"edit":{"label":"Updated_at","description":"","placeholder":"","visible":false,"editable":true},"list":{"label":"Updated_at","searchable":true,"sortable":true}}},"layouts":{"list":["id","slug","name","created_at"],"editRelations":[],"edit":[[{"name":"slug","size":6},{"name":"name","size":6}],[{"name":"items","size":12}]]}}', 'object', '', '');
INSERT INTO public.core_store (id, key, value, type, environment, tag) VALUES (29, 'plugin_content_manager_configuration_content_types::application::collection.collection', '{"uid":"application::collection.collection","settings":{"bulkable":true,"filterable":true,"searchable":true,"pageSize":10,"mainField":"name","defaultSortBy":"name","defaultSortOrder":"ASC"},"metadatas":{"id":{"edit":{},"list":{"label":"Id","searchable":true,"sortable":true}},"name":{"edit":{"label":"Name","description":"","placeholder":"","visible":true,"editable":true},"list":{"label":"Name","searchable":true,"sortable":true}},"slug":{"edit":{"label":"Slug","description":"","placeholder":"","visible":true,"editable":true},"list":{"label":"Slug","searchable":true,"sortable":true}},"products":{"edit":{"label":"Products","description":"","placeholder":"","visible":true,"editable":true,"mainField":"title"},"list":{"label":"Products","searchable":false,"sortable":false}},"created_at":{"edit":{"label":"Created_at","description":"","placeholder":"","visible":false,"editable":true},"list":{"label":"Created_at","searchable":true,"sortable":true}},"updated_at":{"edit":{"label":"Updated_at","description":"","placeholder":"","visible":false,"editable":true},"list":{"label":"Updated_at","searchable":true,"sortable":true}}},"layouts":{"list":["id","name","slug","created_at"],"editRelations":["products"],"edit":[[{"name":"name","size":6},{"name":"slug","size":6}]]}}', 'object', '', '');
INSERT INTO public.core_store (id, key, value, type, environment, tag) VALUES (37, 'plugin_content_manager_configuration_content_types::plugins::users-permissions.permission', '{"uid":"plugins::users-permissions.permission","settings":{"bulkable":true,"filterable":true,"searchable":true,"pageSize":10,"mainField":"type","defaultSortBy":"type","defaultSortOrder":"ASC"},"metadatas":{"id":{"edit":{},"list":{"label":"Id","searchable":true,"sortable":true}},"type":{"edit":{"label":"Type","description":"","placeholder":"","visible":true,"editable":true},"list":{"label":"Type","searchable":true,"sortable":true}},"controller":{"edit":{"label":"Controller","description":"","placeholder":"","visible":true,"editable":true},"list":{"label":"Controller","searchable":true,"sortable":true}},"action":{"edit":{"label":"Action","description":"","placeholder":"","visible":true,"editable":true},"list":{"label":"Action","searchable":true,"sortable":true}},"enabled":{"edit":{"label":"Enabled","description":"","placeholder":"","visible":true,"editable":true},"list":{"label":"Enabled","searchable":true,"sortable":true}},"policy":{"edit":{"label":"Policy","description":"","placeholder":"","visible":true,"editable":true},"list":{"label":"Policy","searchable":true,"sortable":true}},"role":{"edit":{"label":"Role","description":"","placeholder":"","visible":true,"editable":true,"mainField":"name"},"list":{"label":"Role","searchable":false,"sortable":false}}},"layouts":{"list":["id","type","controller","action"],"editRelations":["role"],"edit":[[{"name":"type","size":6},{"name":"controller","size":6}],[{"name":"action","size":6},{"name":"enabled","size":4}],[{"name":"policy","size":6}]]}}', 'object', '', '');
INSERT INTO public.core_store (id, key, value, type, environment, tag) VALUES (25, 'plugin_upload_settings', '{"sizeOptimization":true,"responsiveDimensions":true}', 'object', 'development', '');
INSERT INTO public.core_store (id, key, value, type, environment, tag) VALUES (30, 'plugin_content_manager_configuration_content_types::application::product-categories.product-categories', '{"uid":"application::product-categories.product-categories","settings":{"bulkable":true,"filterable":true,"searchable":true,"pageSize":10,"mainField":"name","defaultSortBy":"name","defaultSortOrder":"ASC"},"metadatas":{"id":{"edit":{},"list":{"label":"Id","searchable":true,"sortable":true}},"name":{"edit":{"label":"Name","description":"","placeholder":"","visible":true,"editable":true},"list":{"label":"Name","searchable":true,"sortable":true}},"slug":{"edit":{"label":"Slug","description":"","placeholder":"","visible":true,"editable":true},"list":{"label":"Slug","searchable":true,"sortable":true}},"products":{"edit":{"label":"Products","description":"","placeholder":"","visible":true,"editable":true,"mainField":"title"},"list":{"label":"Products","searchable":false,"sortable":false}},"created_at":{"edit":{"label":"Created_at","description":"","placeholder":"","visible":false,"editable":true},"list":{"label":"Created_at","searchable":true,"sortable":true}},"updated_at":{"edit":{"label":"Updated_at","description":"","placeholder":"","visible":false,"editable":true},"list":{"label":"Updated_at","searchable":true,"sortable":true}}},"layouts":{"list":["id","name","slug","created_at"],"editRelations":["products"],"edit":[[{"name":"name","size":6},{"name":"slug","size":6}]]}}', 'object', '', '');
INSERT INTO public.core_store (id, key, value, type, environment, tag) VALUES (35, 'plugin_content_manager_configuration_content_types::strapi::user', '{"uid":"strapi::user","settings":{"bulkable":true,"filterable":true,"searchable":true,"pageSize":10,"mainField":"firstname","defaultSortBy":"firstname","defaultSortOrder":"ASC"},"metadatas":{"id":{"edit":{},"list":{"label":"Id","searchable":true,"sortable":true}},"firstname":{"edit":{"label":"Firstname","description":"","placeholder":"","visible":true,"editable":true},"list":{"label":"Firstname","searchable":true,"sortable":true}},"lastname":{"edit":{"label":"Lastname","description":"","placeholder":"","visible":true,"editable":true},"list":{"label":"Lastname","searchable":true,"sortable":true}},"username":{"edit":{"label":"Username","description":"","placeholder":"","visible":true,"editable":true},"list":{"label":"Username","searchable":true,"sortable":true}},"email":{"edit":{"label":"Email","description":"","placeholder":"","visible":true,"editable":true},"list":{"label":"Email","searchable":true,"sortable":true}},"password":{"edit":{"label":"Password","description":"","placeholder":"","visible":true,"editable":true},"list":{"label":"Password","searchable":true,"sortable":true}},"resetPasswordToken":{"edit":{"label":"ResetPasswordToken","description":"","placeholder":"","visible":true,"editable":true},"list":{"label":"ResetPasswordToken","searchable":true,"sortable":true}},"registrationToken":{"edit":{"label":"RegistrationToken","description":"","placeholder":"","visible":true,"editable":true},"list":{"label":"RegistrationToken","searchable":true,"sortable":true}},"isActive":{"edit":{"label":"IsActive","description":"","placeholder":"","visible":true,"editable":true},"list":{"label":"IsActive","searchable":true,"sortable":true}},"roles":{"edit":{"label":"Roles","description":"","placeholder":"","visible":true,"editable":true,"mainField":"name"},"list":{"label":"Roles","searchable":false,"sortable":false}},"blocked":{"edit":{"label":"Blocked","description":"","placeholder":"","visible":true,"editable":true},"list":{"label":"Blocked","searchable":true,"sortable":true}}},"layouts":{"list":["id","firstname","lastname","username"],"editRelations":["roles"],"edit":[[{"name":"firstname","size":6},{"name":"lastname","size":6}],[{"name":"username","size":6},{"name":"email","size":6}],[{"name":"password","size":6},{"name":"resetPasswordToken","size":6}],[{"name":"registrationToken","size":6},{"name":"isActive","size":4}],[{"name":"blocked","size":4}]]}}', 'object', '', '');
INSERT INTO public.core_store (id, key, value, type, environment, tag) VALUES (41, 'plugin_content_manager_configuration_components::items.items', '{"uid":"items.items","isComponent":true,"settings":{"bulkable":true,"filterable":true,"searchable":true,"pageSize":10,"mainField":"name","defaultSortBy":"name","defaultSortOrder":"ASC"},"metadatas":{"id":{"edit":{},"list":{"label":"Id","searchable":false,"sortable":false}},"name":{"edit":{"label":"Name","description":"","placeholder":"","visible":true,"editable":true},"list":{"label":"Name","searchable":true,"sortable":true}},"slug":{"edit":{"label":"Slug","description":"","placeholder":"","visible":true,"editable":true},"list":{"label":"Slug","searchable":true,"sortable":true}},"image":{"edit":{"label":"Image","description":"","placeholder":"","visible":true,"editable":true},"list":{"label":"Image","searchable":false,"sortable":false}},"link":{"edit":{"label":"Link","description":"","placeholder":"","visible":true,"editable":true},"list":{"label":"Link","searchable":true,"sortable":true}}},"layouts":{"list":["id","name","slug","image"],"edit":[[{"name":"name","size":6},{"name":"slug","size":6}],[{"name":"image","size":6},{"name":"link","size":6}]],"editRelations":[]}}', 'object', '', '');
INSERT INTO public.core_store (id, key, value, type, environment, tag) VALUES (39, 'plugin_content_manager_configuration_content_types::plugins::users-permissions.user', '{"uid":"plugins::users-permissions.user","settings":{"bulkable":true,"filterable":true,"searchable":true,"pageSize":10,"mainField":"username","defaultSortBy":"username","defaultSortOrder":"ASC"},"metadatas":{"id":{"edit":{},"list":{"label":"Id","searchable":true,"sortable":true}},"username":{"edit":{"label":"Username","description":"","placeholder":"","visible":true,"editable":true},"list":{"label":"Username","searchable":true,"sortable":true}},"email":{"edit":{"label":"Email","description":"","placeholder":"","visible":true,"editable":true},"list":{"label":"Email","searchable":true,"sortable":true}},"provider":{"edit":{"label":"Provider","description":"","placeholder":"","visible":false,"editable":true},"list":{"label":"Provider","searchable":true,"sortable":true}},"password":{"edit":{"label":"Password","description":"","placeholder":"","visible":true,"editable":true},"list":{"label":"Password","searchable":true,"sortable":true}},"resetPasswordToken":{"edit":{"label":"ResetPasswordToken","description":"","placeholder":"","visible":false,"editable":true},"list":{"label":"ResetPasswordToken","searchable":true,"sortable":true}},"confirmed":{"edit":{"label":"Confirmed","description":"","placeholder":"","visible":true,"editable":true},"list":{"label":"Confirmed","searchable":true,"sortable":true}},"blocked":{"edit":{"label":"Blocked","description":"","placeholder":"","visible":true,"editable":true},"list":{"label":"Blocked","searchable":true,"sortable":true}},"role":{"edit":{"label":"Role","description":"","placeholder":"","visible":true,"editable":true,"mainField":"name"},"list":{"label":"Role","searchable":false,"sortable":false}},"created_at":{"edit":{"label":"Created_at","description":"","placeholder":"","visible":false,"editable":true},"list":{"label":"Created_at","searchable":true,"sortable":true}},"updated_at":{"edit":{"label":"Updated_at","description":"","placeholder":"","visible":false,"editable":true},"list":{"label":"Updated_at","searchable":true,"sortable":true}}},"layouts":{"list":["id","username","email","confirmed"],"edit":[[{"name":"username","size":6},{"name":"email","size":6}],[{"name":"password","size":6},{"name":"confirmed","size":4}],[{"name":"blocked","size":4}]],"editRelations":["role"]}}', 'object', '', '');
INSERT INTO public.core_store (id, key, value, type, environment, tag) VALUES (31, 'plugin_content_manager_configuration_content_types::application::product.product', '{"uid":"application::product.product","settings":{"bulkable":true,"filterable":true,"searchable":true,"pageSize":10,"mainField":"title","defaultSortBy":"title","defaultSortOrder":"ASC"},"metadatas":{"id":{"edit":{},"list":{"label":"Id","searchable":true,"sortable":true}},"title":{"edit":{"label":"Title","description":"","placeholder":"","visible":true,"editable":true},"list":{"label":"Title","searchable":true,"sortable":true}},"product_categories":{"edit":{"label":"Product_categories","description":"","placeholder":"","visible":true,"editable":true,"mainField":"name"},"list":{"label":"Product_categories","searchable":false,"sortable":false}},"images":{"edit":{"label":"Images","description":"","placeholder":"","visible":true,"editable":true},"list":{"label":"Images","searchable":false,"sortable":false}},"is_featured":{"edit":{"label":"Is_featured","description":"","placeholder":"","visible":true,"editable":true},"list":{"label":"Is_featured","searchable":true,"sortable":true}},"is_hot":{"edit":{"label":"Is_hot","description":"","placeholder":"","visible":true,"editable":true},"list":{"label":"Is_hot","searchable":true,"sortable":true}},"price":{"edit":{"label":"Price","description":"","placeholder":"","visible":true,"editable":true},"list":{"label":"Price","searchable":true,"sortable":true}},"sale_price":{"edit":{"label":"Sale_price","description":"","placeholder":"","visible":true,"editable":true},"list":{"label":"Sale_price","searchable":true,"sortable":true}},"vendor":{"edit":{"label":"Vendor","description":"","placeholder":"","visible":true,"editable":true},"list":{"label":"Vendor","searchable":true,"sortable":true}},"brands":{"edit":{"label":"Brands","description":"","placeholder":"","visible":true,"editable":true,"mainField":"name"},"list":{"label":"Brands","searchable":false,"sortable":false}},"review":{"edit":{"label":"Review","description":"","placeholder":"","visible":true,"editable":true},"list":{"label":"Review","searchable":true,"sortable":true}},"is_out_of_stock":{"edit":{"label":"Is_out_of_stock","description":"","placeholder":"","visible":true,"editable":true},"list":{"label":"Is_out_of_stock","searchable":true,"sortable":true}},"depot":{"edit":{"label":"Depot","description":"","placeholder":"","visible":true,"editable":true},"list":{"label":"Depot","searchable":true,"sortable":true}},"inventory":{"edit":{"label":"Inventory","description":"","placeholder":"","visible":true,"editable":true},"list":{"label":"Inventory","searchable":true,"sortable":true}},"variants":{"edit":{"label":"Variants","description":"","placeholder":"","visible":true,"editable":true},"list":{"label":"Variants","searchable":false,"sortable":false}},"is_active":{"edit":{"label":"Is_active","description":"","placeholder":"","visible":true,"editable":true},"list":{"label":"Is_active","searchable":true,"sortable":true}},"is_sale":{"edit":{"label":"Is_sale","description":"","placeholder":"","visible":true,"editable":true},"list":{"label":"Is_sale","searchable":true,"sortable":true}},"thumbnail":{"edit":{"label":"Thumbnail","description":"","placeholder":"","visible":true,"editable":true},"list":{"label":"Thumbnail","searchable":false,"sortable":false}},"collections":{"edit":{"label":"Collections","description":"","placeholder":"","visible":true,"editable":true,"mainField":"name"},"list":{"label":"Collections","searchable":false,"sortable":false}},"slug":{"edit":{"label":"Slug","description":"","placeholder":"","visible":true,"editable":true},"list":{"label":"Slug","searchable":true,"sortable":true}},"created_at":{"edit":{"label":"Created_at","description":"","placeholder":"","visible":false,"editable":true},"list":{"label":"Created_at","searchable":true,"sortable":true}},"updated_at":{"edit":{"label":"Updated_at","description":"","placeholder":"","visible":false,"editable":true},"list":{"label":"Updated_at","searchable":true,"sortable":true}}},"layouts":{"list":["id","title","images","is_featured"],"editRelations":["product_categories","brands","collections"],"edit":[[{"name":"title","size":6},{"name":"images","size":6}],[{"name":"is_featured","size":4},{"name":"is_hot","size":4},{"name":"price","size":4}],[{"name":"sale_price","size":4},{"name":"vendor","size":6}],[{"name":"review","size":4},{"name":"is_out_of_stock","size":4},{"name":"depot","size":4}],[{"name":"inventory","size":4}],[{"name":"variants","size":12}],[{"name":"is_active","size":4},{"name":"is_sale","size":4}],[{"name":"thumbnail","size":6},{"name":"slug","size":6}]]}}', 'object', '', '');
INSERT INTO public.core_store (id, key, value, type, environment, tag) VALUES (34, 'plugin_content_manager_configuration_content_types::strapi::role', '{"uid":"strapi::role","settings":{"bulkable":true,"filterable":true,"searchable":true,"pageSize":10,"mainField":"name","defaultSortBy":"name","defaultSortOrder":"ASC"},"metadatas":{"id":{"edit":{},"list":{"label":"Id","searchable":true,"sortable":true}},"name":{"edit":{"label":"Name","description":"","placeholder":"","visible":true,"editable":true},"list":{"label":"Name","searchable":true,"sortable":true}},"code":{"edit":{"label":"Code","description":"","placeholder":"","visible":true,"editable":true},"list":{"label":"Code","searchable":true,"sortable":true}},"description":{"edit":{"label":"Description","description":"","placeholder":"","visible":true,"editable":true},"list":{"label":"Description","searchable":true,"sortable":true}},"users":{"edit":{"label":"Users","description":"","placeholder":"","visible":true,"editable":true,"mainField":"firstname"},"list":{"label":"Users","searchable":false,"sortable":false}},"permissions":{"edit":{"label":"Permissions","description":"","placeholder":"","visible":true,"editable":true,"mainField":"action"},"list":{"label":"Permissions","searchable":false,"sortable":false}},"created_at":{"edit":{"label":"Created_at","description":"","placeholder":"","visible":false,"editable":true},"list":{"label":"Created_at","searchable":true,"sortable":true}},"updated_at":{"edit":{"label":"Updated_at","description":"","placeholder":"","visible":false,"editable":true},"list":{"label":"Updated_at","searchable":true,"sortable":true}}},"layouts":{"list":["id","name","code","description"],"editRelations":["users","permissions"],"edit":[[{"name":"name","size":6},{"name":"code","size":6}],[{"name":"description","size":6}]]}}', 'object', '', '');
INSERT INTO public.core_store (id, key, value, type, environment, tag) VALUES (40, 'plugin_users-permissions_email', '{"reset_password":{"display":"Email.template.reset_password","icon":"sync","options":{"from":{"name":"Administration Panel","email":"no-reply@strapi.io"},"response_email":"","object":"Reset password","message":"<p>We heard that you lost your password. Sorry about that!</p>\n\n<p>But don’t worry! You can use the following link to reset your password:</p>\n<p><%= URL %>?code=<%= TOKEN %></p>\n\n<p>Thanks.</p>"}},"email_confirmation":{"display":"Email.template.email_confirmation","icon":"check-square","options":{"from":{"name":"Administration Panel","email":"no-reply@strapi.io"},"response_email":"","object":"Account confirmation","message":"<p>Thank you for registering!</p>\n\n<p>You have to confirm your email address. Please click on the link below.</p>\n\n<p><%= URL %>?confirmation=<%= CODE %></p>\n\n<p>Thanks.</p>"}}}', 'object', '', '');
INSERT INTO public.core_store (id, key, value, type, environment, tag) VALUES (45, 'plugin_users-permissions_advanced', '{"unique_email":true,"allow_register":true,"email_confirmation":false,"email_reset_password":null,"email_confirmation_redirection":null,"default_role":"authenticated"}', 'object', '', '');
INSERT INTO public.core_store (id, key, value, type, environment, tag) VALUES (43, 'plugin_content_manager_configuration_components::variants.items', '{"uid":"variants.items","isComponent":true,"settings":{"bulkable":true,"filterable":true,"searchable":true,"pageSize":10,"mainField":"title","defaultSortBy":"title","defaultSortOrder":"ASC"},"metadatas":{"id":{"edit":{},"list":{"label":"Id","searchable":false,"sortable":false}},"isImage":{"edit":{"label":"IsImage","description":"","placeholder":"","visible":true,"editable":true},"list":{"label":"IsImage","searchable":true,"sortable":true}},"image":{"edit":{"label":"Image","description":"","placeholder":"","visible":true,"editable":true},"list":{"label":"Image","searchable":false,"sortable":false}},"title":{"edit":{"label":"Title","description":"","placeholder":"","visible":true,"editable":true},"list":{"label":"Title","searchable":true,"sortable":true}},"desc":{"edit":{"label":"Desc","description":"","placeholder":"","visible":true,"editable":true},"list":{"label":"Desc","searchable":true,"sortable":true}},"btn_text":{"edit":{"label":"Btn_text","description":"","placeholder":"","visible":true,"editable":true},"list":{"label":"Btn_text","searchable":true,"sortable":true}},"desc_hightlight":{"edit":{"label":"Desc_hightlight","description":"","placeholder":"","visible":true,"editable":true},"list":{"label":"Desc_hightlight","searchable":true,"sortable":true}},"text_on_top":{"edit":{"label":"Text_on_top","description":"","placeholder":"","visible":true,"editable":true},"list":{"label":"Text_on_top","searchable":true,"sortable":true}}},"layouts":{"list":["id","isImage","image","title"],"edit":[[{"name":"isImage","size":4},{"name":"image","size":6}],[{"name":"title","size":6},{"name":"desc","size":6}],[{"name":"btn_text","size":6},{"name":"desc_hightlight","size":6}],[{"name":"text_on_top","size":6}]],"editRelations":[]}}', 'object', '', '');
INSERT INTO public.core_store (id, key, value, type, environment, tag) VALUES (16, 'db_model_users-permissions_user', '{"username":{"type":"string","minLength":3,"unique":true,"configurable":false,"required":true},"email":{"type":"email","minLength":6,"configurable":false,"required":true},"provider":{"type":"string","configurable":false},"password":{"type":"password","minLength":6,"configurable":false,"private":true},"resetPasswordToken":{"type":"string","configurable":false,"private":true},"confirmed":{"type":"boolean","default":false,"configurable":false},"blocked":{"type":"boolean","default":false,"configurable":false},"role":{"model":"role","via":"users","plugin":"users-permissions","configurable":false},"created_by":{"model":"user","plugin":"admin"},"updated_by":{"model":"user","plugin":"admin"},"created_at":{"type":"currentTimestamp"},"updated_at":{"type":"currentTimestamp"}}', 'object', null, null);
INSERT INTO public.core_store (id, key, value, type, environment, tag) VALUES (26, 'plugin_users-permissions_grant', '{"email":{"enabled":true,"icon":"envelope"},"discord":{"enabled":false,"icon":"discord","key":"","secret":"","callback":"/auth/discord/callback","scope":["identify","email"]},"facebook":{"enabled":false,"icon":"facebook-square","key":"","secret":"","callback":"/auth/facebook/callback","scope":["email"]},"google":{"enabled":true,"icon":"google","key":"193757322738-lo4hk2jfb45n9mr5tn923c61j1a42137.apps.googleusercontent.com","secret":"wRNjmb5bbdUFTy3pcfTVBSvK","callback":"https://de7b66f1d552.ngrok.io/auth/google/callback","scope":["email"]},"github":{"enabled":false,"icon":"github","key":"","secret":"","callback":"/auth/github/callback","scope":["user","user:email"]},"microsoft":{"enabled":false,"icon":"windows","key":"","secret":"","callback":"/auth/microsoft/callback","scope":["user.read"]},"twitter":{"enabled":false,"icon":"twitter","key":"","secret":"","callback":"/auth/twitter/callback"},"instagram":{"enabled":false,"icon":"instagram","key":"","secret":"","callback":"/auth/instagram/callback"},"vk":{"enabled":false,"icon":"vk","key":"","secret":"","callback":"/auth/vk/callback","scope":["email"]},"twitch":{"enabled":false,"icon":"twitch","key":"","secret":"","callback":"/auth/twitch/callback","scope":["user:read:email"]}}', 'object', '', '');INSERT INTO public.product_categories (id, name, slug, created_by, updated_by, created_at, updated_at) VALUES (1, 'Clothing & Apparel', 'clothing-and-apparel', 1, 1, '2021-04-18 01:15:56.475000', '2021-04-18 01:15:56.486000');
INSERT INTO public.product_categories (id, name, slug, created_by, updated_by, created_at, updated_at) VALUES (2, 'Garden & Kitchen', 'garden-and-kitchen', 1, 1, '2021-04-18 01:16:15.743000', '2021-04-18 01:16:15.752000');
INSERT INTO public.product_categories (id, name, slug, created_by, updated_by, created_at, updated_at) VALUES (3, 'Consumer Electrics', 'consumer-electrics', 1, 1, '2021-04-18 01:16:33.651000', '2021-04-18 01:16:33.660000');
INSERT INTO public.product_categories (id, name, slug, created_by, updated_by, created_at, updated_at) VALUES (4, 'Health & Beauty', 'health-and-beauty', 1, 1, '2021-04-18 01:16:53.409000', '2021-04-18 01:16:53.417000');
INSERT INTO public.product_categories (id, name, slug, created_by, updated_by, created_at, updated_at) VALUES (5, 'Phones & Accessories', 'phones-and-accessories', 1, 1, '2021-04-18 02:27:04.170000', '2021-04-18 02:27:04.179000');INSERT INTO public.products_product_categories__product_categories_products (id, product_id, "product-category_id") VALUES (1, 1, 5);INSERT INTO public.products (id, title, is_featured, is_hot, price, sale_price, vendor, review, is_out_of_stock, depot, inventory, is_active, is_sale, slug, created_by, updated_by, created_at, updated_at) VALUES (1, 'Apple iPhone Retina 6s Plus 32GB', false, false, null, null, 'ROBERT’S STORE', 5, false, 80, 100, true, false, 'apple-iphone-retina-6s-plus-32gb', 1, 1, '2021-04-18 02:35:24.651000', '2021-04-18 02:35:24.700000');INSERT INTO public.promotions_components (id, field, "order", component_type, component_id, promotion_id) VALUES (1, 'items', 1, 'components_items_items', 1, 1);
INSERT INTO public.promotions_components (id, field, "order", component_type, component_id, promotion_id) VALUES (2, 'items', 2, 'components_items_items', 2, 1);
INSERT INTO public.promotions_components (id, field, "order", component_type, component_id, promotion_id) VALUES (3, 'items', 3, 'components_items_items', 3, 1);
INSERT INTO public.promotions_components (id, field, "order", component_type, component_id, promotion_id) VALUES (4, 'items', 4, 'components_items_items', 4, 1);
INSERT INTO public.promotions_components (id, field, "order", component_type, component_id, promotion_id) VALUES (5, 'items', 5, 'components_items_items', 5, 1);
INSERT INTO public.promotions_components (id, field, "order", component_type, component_id, promotion_id) VALUES (6, 'items', 6, 'components_items_items', 6, 1);
INSERT INTO public.promotions_components (id, field, "order", component_type, component_id, promotion_id) VALUES (7, 'items', 7, 'components_items_items', 7, 1);INSERT INTO public.promotions (id, name, slug, created_by, updated_by, created_at, updated_at) VALUES (1, 'Home fullwidth promotions', 'home_fullwidth_promotions', 1, 1, '2021-04-18 02:00:40.495000', '2021-04-18 02:00:40.661000');INSERT INTO public.strapi_administrator (id, firstname, lastname, username, email, password, "resetPasswordToken", "registrationToken", "isActive", blocked) VALUES (1, 'RedSys', 'admin', 'RedSys_Admin', 'redsys@admin.com', '$2a$10$Zio0yNwRn.s2S.GFXQJ3pOefuf4XQ.2jfqfqW57vlq9WieROwqlKG', null, null, true, null);INSERT INTO public.strapi_permission (id, action, subject, fields, conditions, role, created_at, updated_at) VALUES (1, 'plugins::content-manager.explorer.create', 'application::banner.banner', '["slug", "name", "items.isImage", "items.image", "items.title", "items.desc", "items.btn_text", "items.desc_hightlight", "items.text_on_top"]', '[]', 2, '2021-03-15 22:17:05.800000', '2021-03-15 22:17:05.826000');
INSERT INTO public.strapi_permission (id, action, subject, fields, conditions, role, created_at, updated_at) VALUES (2, 'plugins::content-manager.explorer.create', 'application::brand.brand', '["name", "slug", "products"]', '[]', 2, '2021-03-15 22:17:05.801000', '2021-03-15 22:17:05.827000');
INSERT INTO public.strapi_permission (id, action, subject, fields, conditions, role, created_at, updated_at) VALUES (3, 'plugins::content-manager.explorer.create', 'application::collection.collection', '["name", "slug", "products"]', '[]', 2, '2021-03-15 22:17:05.801000', '2021-03-15 22:17:05.827000');
INSERT INTO public.strapi_permission (id, action, subject, fields, conditions, role, created_at, updated_at) VALUES (4, 'plugins::content-manager.explorer.create', 'application::product-categories.product-categories', '["name", "slug", "products"]', '[]', 2, '2021-03-15 22:17:05.802000', '2021-03-15 22:17:05.827000');
INSERT INTO public.strapi_permission (id, action, subject, fields, conditions, role, created_at, updated_at) VALUES (5, 'plugins::content-manager.explorer.create', 'application::product.product', '["title", "product_categories", "images", "is_featured", "is_hot", "price", "sale_price", "vendor", "brands", "review", "is_out_of_stock", "depot", "inventory", "variants.images", "variants.price", "variants.sale_price", "variants.thumbnail", "variants.name", "variants.sizes.name", "variants.sizes.character", "variants.is_sale", "is_active", "is_sale", "thumbnail", "collections", "slug"]', '[]', 2, '2021-03-15 22:17:05.802000', '2021-03-15 22:17:05.827000');
INSERT INTO public.strapi_permission (id, action, subject, fields, conditions, role, created_at, updated_at) VALUES (6, 'plugins::content-manager.explorer.create', 'application::promotions.promotions', '["name", "slug", "items.name", "items.slug", "items.image", "items.link"]', '[]', 2, '2021-03-15 22:17:05.803000', '2021-03-15 22:17:05.827000');
INSERT INTO public.strapi_permission (id, action, subject, fields, conditions, role, created_at, updated_at) VALUES (7, 'plugins::content-manager.explorer.read', 'application::banner.banner', '["slug", "name", "items.isImage", "items.image", "items.title", "items.desc", "items.btn_text", "items.desc_hightlight", "items.text_on_top"]', '[]', 2, '2021-03-15 22:17:05.803000', '2021-03-15 22:17:05.827000');
INSERT INTO public.strapi_permission (id, action, subject, fields, conditions, role, created_at, updated_at) VALUES (8, 'plugins::content-manager.explorer.read', 'application::brand.brand', '["name", "slug", "products"]', '[]', 2, '2021-03-15 22:17:05.803000', '2021-03-15 22:17:05.828000');
INSERT INTO public.strapi_permission (id, action, subject, fields, conditions, role, created_at, updated_at) VALUES (9, 'plugins::content-manager.explorer.read', 'application::collection.collection', '["name", "slug", "products"]', '[]', 2, '2021-03-15 22:17:05.804000', '2021-03-15 22:17:05.828000');
INSERT INTO public.strapi_permission (id, action, subject, fields, conditions, role, created_at, updated_at) VALUES (10, 'plugins::content-manager.explorer.read', 'application::product-categories.product-categories', '["name", "slug", "products"]', '[]', 2, '2021-03-15 22:17:05.804000', '2021-03-15 22:17:05.828000');
INSERT INTO public.strapi_permission (id, action, subject, fields, conditions, role, created_at, updated_at) VALUES (122, 'plugins::content-manager.explorer.create', 'plugins::users-permissions.user', '["username", "email", "provider", "password", "resetPasswordToken", "confirmed", "blocked", "role"]', '[]', 1, '2021-03-18 11:14:17.594000', '2021-04-17 10:42:41.310000');
INSERT INTO public.strapi_permission (id, action, subject, fields, conditions, role, created_at, updated_at) VALUES (11, 'plugins::content-manager.explorer.read', 'application::product.product', '["title", "product_categories", "images", "is_featured", "is_hot", "price", "sale_price", "vendor", "brands", "review", "is_out_of_stock", "depot", "inventory", "variants.images", "variants.price", "variants.sale_price", "variants.thumbnail", "variants.name", "variants.sizes.name", "variants.sizes.character", "variants.is_sale", "is_active", "is_sale", "thumbnail", "collections", "slug"]', '[]', 2, '2021-03-15 22:17:05.865000', '2021-03-15 22:17:05.892000');
INSERT INTO public.strapi_permission (id, action, subject, fields, conditions, role, created_at, updated_at) VALUES (12, 'plugins::content-manager.explorer.read', 'application::promotions.promotions', '["name", "slug", "items.name", "items.slug", "items.image", "items.link"]', '[]', 2, '2021-03-15 22:17:05.871000', '2021-03-15 22:17:05.897000');
INSERT INTO public.strapi_permission (id, action, subject, fields, conditions, role, created_at, updated_at) VALUES (13, 'plugins::content-manager.explorer.update', 'application::banner.banner', '["slug", "name", "items.isImage", "items.image", "items.title", "items.desc", "items.btn_text", "items.desc_hightlight", "items.text_on_top"]', '[]', 2, '2021-03-15 22:17:05.871000', '2021-03-15 22:17:05.897000');
INSERT INTO public.strapi_permission (id, action, subject, fields, conditions, role, created_at, updated_at) VALUES (20, 'plugins::content-manager.explorer.delete', 'application::brand.brand', null, '[]', 2, '2021-03-15 22:17:05.880000', '2021-03-15 22:17:05.905000');
INSERT INTO public.strapi_permission (id, action, subject, fields, conditions, role, created_at, updated_at) VALUES (21, 'plugins::content-manager.explorer.delete', 'application::collection.collection', null, '[]', 2, '2021-03-15 22:17:05.939000', '2021-03-15 22:17:05.965000');
INSERT INTO public.strapi_permission (id, action, subject, fields, conditions, role, created_at, updated_at) VALUES (22, 'plugins::content-manager.explorer.delete', 'application::product-categories.product-categories', null, '[]', 2, '2021-03-15 22:17:05.945000', '2021-03-15 22:17:05.971000');
INSERT INTO public.strapi_permission (id, action, subject, fields, conditions, role, created_at, updated_at) VALUES (26, 'plugins::upload.assets.create', null, null, '[]', 2, '2021-03-15 22:17:05.946000', '2021-03-15 22:17:05.972000');
INSERT INTO public.strapi_permission (id, action, subject, fields, conditions, role, created_at, updated_at) VALUES (33, 'plugins::content-manager.explorer.create', 'application::product-categories.product-categories', '["name", "slug", "products"]', '["admin::is-creator"]', 3, '2021-03-15 22:17:06.024000', '2021-03-15 22:17:06.050000');
INSERT INTO public.strapi_permission (id, action, subject, fields, conditions, role, created_at, updated_at) VALUES (37, 'plugins::content-manager.explorer.read', 'application::brand.brand', '["name", "slug", "products"]', '["admin::is-creator"]', 3, '2021-03-15 22:17:06.025000', '2021-03-15 22:17:06.051000');
INSERT INTO public.strapi_permission (id, action, subject, fields, conditions, role, created_at, updated_at) VALUES (38, 'plugins::content-manager.explorer.read', 'application::collection.collection', '["name", "slug", "products"]', '["admin::is-creator"]', 3, '2021-03-15 22:17:06.025000', '2021-03-15 22:17:06.051000');
INSERT INTO public.strapi_permission (id, action, subject, fields, conditions, role, created_at, updated_at) VALUES (39, 'plugins::content-manager.explorer.read', 'application::product-categories.product-categories', '["name", "slug", "products"]', '["admin::is-creator"]', 3, '2021-03-15 22:17:06.026000', '2021-03-15 22:17:06.051000');
INSERT INTO public.strapi_permission (id, action, subject, fields, conditions, role, created_at, updated_at) VALUES (42, 'plugins::content-manager.explorer.update', 'application::banner.banner', '["slug", "name", "items.isImage", "items.image", "items.title", "items.desc", "items.btn_text", "items.desc_hightlight", "items.text_on_top"]', '["admin::is-creator"]', 3, '2021-03-15 22:17:06.094000', '2021-03-15 22:17:06.119000');
INSERT INTO public.strapi_permission (id, action, subject, fields, conditions, role, created_at, updated_at) VALUES (44, 'plugins::content-manager.explorer.update', 'application::collection.collection', '["name", "slug", "products"]', '["admin::is-creator"]', 3, '2021-03-15 22:17:06.095000', '2021-03-15 22:17:06.119000');
INSERT INTO public.strapi_permission (id, action, subject, fields, conditions, role, created_at, updated_at) VALUES (47, 'plugins::content-manager.explorer.update', 'application::promotions.promotions', '["name", "slug", "items.name", "items.slug", "items.image", "items.link"]', '["admin::is-creator"]', 3, '2021-03-15 22:17:06.095000', '2021-03-15 22:17:06.120000');
INSERT INTO public.strapi_permission (id, action, subject, fields, conditions, role, created_at, updated_at) VALUES (49, 'plugins::content-manager.explorer.delete', 'application::brand.brand', null, '["admin::is-creator"]', 3, '2021-03-15 22:17:06.096000', '2021-03-15 22:17:06.120000');
INSERT INTO public.strapi_permission (id, action, subject, fields, conditions, role, created_at, updated_at) VALUES (52, 'plugins::content-manager.explorer.delete', 'application::product.product', null, '["admin::is-creator"]', 3, '2021-03-15 22:17:06.158000', '2021-03-15 22:17:06.181000');
INSERT INTO public.strapi_permission (id, action, subject, fields, conditions, role, created_at, updated_at) VALUES (54, 'plugins::upload.read', null, null, '["admin::is-creator"]', 3, '2021-03-15 22:17:06.159000', '2021-03-15 22:17:06.181000');
INSERT INTO public.strapi_permission (id, action, subject, fields, conditions, role, created_at, updated_at) VALUES (58, 'plugins::upload.assets.copy-link', null, null, '[]', 3, '2021-03-15 22:17:06.159000', '2021-03-15 22:17:06.181000');
INSERT INTO public.strapi_permission (id, action, subject, fields, conditions, role, created_at, updated_at) VALUES (60, 'plugins::content-manager.explorer.create', 'application::brand.brand', '["name", "slug", "products"]', '[]', 1, '2021-03-15 22:17:06.244000', '2021-03-15 22:17:06.288000');
INSERT INTO public.strapi_permission (id, action, subject, fields, conditions, role, created_at, updated_at) VALUES (61, 'plugins::content-manager.explorer.create', 'application::collection.collection', '["name", "slug", "products"]', '[]', 1, '2021-03-15 22:17:06.244000', '2021-03-15 22:17:06.288000');
INSERT INTO public.strapi_permission (id, action, subject, fields, conditions, role, created_at, updated_at) VALUES (63, 'plugins::content-manager.explorer.create', 'application::product.product', '["title", "product_categories", "images", "is_featured", "is_hot", "price", "sale_price", "vendor", "brands", "review", "is_out_of_stock", "depot", "inventory", "variants.images", "variants.price", "variants.sale_price", "variants.thumbnail", "variants.name", "variants.sizes.name", "variants.sizes.character", "variants.is_sale", "is_active", "is_sale", "thumbnail", "collections", "slug"]', '[]', 1, '2021-03-15 22:17:06.245000', '2021-03-15 22:17:06.289000');
INSERT INTO public.strapi_permission (id, action, subject, fields, conditions, role, created_at, updated_at) VALUES (68, 'plugins::content-manager.explorer.read', 'application::collection.collection', '["name", "slug", "products"]', '[]', 1, '2021-03-15 22:17:06.246000', '2021-03-15 22:17:06.290000');
INSERT INTO public.strapi_permission (id, action, subject, fields, conditions, role, created_at, updated_at) VALUES (14, 'plugins::content-manager.explorer.update', 'application::brand.brand', '["name", "slug", "products"]', '[]', 2, '2021-03-15 22:17:05.872000', '2021-03-15 22:17:05.897000');
INSERT INTO public.strapi_permission (id, action, subject, fields, conditions, role, created_at, updated_at) VALUES (27, 'plugins::upload.assets.update', null, null, '[]', 2, '2021-03-15 22:17:05.946000', '2021-03-15 22:17:05.972000');
INSERT INTO public.strapi_permission (id, action, subject, fields, conditions, role, created_at, updated_at) VALUES (31, 'plugins::content-manager.explorer.create', 'application::brand.brand', '["name", "slug", "products"]', '["admin::is-creator"]', 3, '2021-03-15 22:17:06.024000', '2021-03-15 22:17:06.050000');
INSERT INTO public.strapi_permission (id, action, subject, fields, conditions, role, created_at, updated_at) VALUES (45, 'plugins::content-manager.explorer.update', 'application::product-categories.product-categories', '["name", "slug", "products"]', '["admin::is-creator"]', 3, '2021-03-15 22:17:06.095000', '2021-03-15 22:17:06.119000');
INSERT INTO public.strapi_permission (id, action, subject, fields, conditions, role, created_at, updated_at) VALUES (57, 'plugins::upload.assets.download', null, null, '[]', 3, '2021-03-15 22:17:06.159000', '2021-03-15 22:17:06.181000');
INSERT INTO public.strapi_permission (id, action, subject, fields, conditions, role, created_at, updated_at) VALUES (59, 'plugins::content-manager.explorer.create', 'application::banner.banner', '["slug", "name", "items.isImage", "items.image", "items.title", "items.desc", "items.btn_text", "items.desc_hightlight", "items.text_on_top"]', '[]', 1, '2021-03-15 22:17:06.244000', '2021-03-15 22:17:06.288000');
INSERT INTO public.strapi_permission (id, action, subject, fields, conditions, role, created_at, updated_at) VALUES (69, 'plugins::content-manager.explorer.read', 'application::product-categories.product-categories', '["name", "slug", "products"]', '[]', 1, '2021-03-15 22:17:06.326000', '2021-03-15 22:17:06.346000');
INSERT INTO public.strapi_permission (id, action, subject, fields, conditions, role, created_at, updated_at) VALUES (89, 'plugins::upload.assets.create', null, null, '[]', 1, '2021-03-15 22:17:06.456000', '2021-03-15 22:17:06.476000');
INSERT INTO public.strapi_permission (id, action, subject, fields, conditions, role, created_at, updated_at) VALUES (99, 'plugins::users-permissions.roles.update', null, null, '[]', 1, '2021-03-15 22:17:06.522000', '2021-03-15 22:17:06.549000');
INSERT INTO public.strapi_permission (id, action, subject, fields, conditions, role, created_at, updated_at) VALUES (109, 'admin::marketplace.plugins.uninstall', null, null, '[]', 1, '2021-03-15 22:17:06.593000', '2021-03-15 22:17:06.616000');
INSERT INTO public.strapi_permission (id, action, subject, fields, conditions, role, created_at, updated_at) VALUES (119, 'admin::roles.read', null, null, '[]', 1, '2021-03-15 22:17:06.666000', '2021-03-15 22:17:06.675000');
INSERT INTO public.strapi_permission (id, action, subject, fields, conditions, role, created_at, updated_at) VALUES (123, 'plugins::content-manager.explorer.read', 'plugins::users-permissions.user', '["username", "email", "provider", "password", "resetPasswordToken", "confirmed", "blocked", "role"]', '[]', 1, '2021-03-18 11:14:17.594000', '2021-04-17 10:42:41.310000');
INSERT INTO public.strapi_permission (id, action, subject, fields, conditions, role, created_at, updated_at) VALUES (16, 'plugins::content-manager.explorer.update', 'application::product-categories.product-categories', '["name", "slug", "products"]', '[]', 2, '2021-03-15 22:17:05.872000', '2021-03-15 22:17:05.898000');
INSERT INTO public.strapi_permission (id, action, subject, fields, conditions, role, created_at, updated_at) VALUES (24, 'plugins::content-manager.explorer.delete', 'application::promotions.promotions', null, '[]', 2, '2021-03-15 22:17:05.946000', '2021-03-15 22:17:05.971000');
INSERT INTO public.strapi_permission (id, action, subject, fields, conditions, role, created_at, updated_at) VALUES (34, 'plugins::content-manager.explorer.create', 'application::product.product', '["title", "product_categories", "images", "is_featured", "is_hot", "price", "sale_price", "vendor", "brands", "review", "is_out_of_stock", "depot", "inventory", "variants.images", "variants.price", "variants.sale_price", "variants.thumbnail", "variants.name", "variants.sizes.name", "variants.sizes.character", "variants.is_sale", "is_active", "is_sale", "thumbnail", "collections", "slug"]', '["admin::is-creator"]', 3, '2021-03-15 22:17:06.025000', '2021-03-15 22:17:06.050000');
INSERT INTO public.strapi_permission (id, action, subject, fields, conditions, role, created_at, updated_at) VALUES (48, 'plugins::content-manager.explorer.delete', 'application::banner.banner', null, '["admin::is-creator"]', 3, '2021-03-15 22:17:06.095000', '2021-03-15 22:17:06.120000');
INSERT INTO public.strapi_permission (id, action, subject, fields, conditions, role, created_at, updated_at) VALUES (53, 'plugins::content-manager.explorer.delete', 'application::promotions.promotions', null, '["admin::is-creator"]', 3, '2021-03-15 22:17:06.159000', '2021-03-15 22:17:06.181000');
INSERT INTO public.strapi_permission (id, action, subject, fields, conditions, role, created_at, updated_at) VALUES (64, 'plugins::content-manager.explorer.create', 'application::promotions.promotions', '["name", "slug", "items.name", "items.slug", "items.image", "items.link"]', '[]', 1, '2021-03-15 22:17:06.245000', '2021-03-15 22:17:06.289000');
INSERT INTO public.strapi_permission (id, action, subject, fields, conditions, role, created_at, updated_at) VALUES (70, 'plugins::content-manager.explorer.read', 'application::product.product', '["title", "product_categories", "images", "is_featured", "is_hot", "price", "sale_price", "vendor", "brands", "review", "is_out_of_stock", "depot", "inventory", "variants.images", "variants.price", "variants.sale_price", "variants.thumbnail", "variants.name", "variants.sizes.name", "variants.sizes.character", "variants.is_sale", "is_active", "is_sale", "thumbnail", "collections", "slug"]', '[]', 1, '2021-03-15 22:17:06.332000', '2021-03-15 22:17:06.356000');
INSERT INTO public.strapi_permission (id, action, subject, fields, conditions, role, created_at, updated_at) VALUES (80, 'plugins::content-manager.explorer.delete', 'application::banner.banner', null, '[]', 1, '2021-03-15 22:17:06.398000', '2021-03-15 22:17:06.421000');
INSERT INTO public.strapi_permission (id, action, subject, fields, conditions, role, created_at, updated_at) VALUES (81, 'plugins::content-manager.explorer.delete', 'application::brand.brand', null, '[]', 1, '2021-03-15 22:17:06.399000', '2021-03-15 22:17:06.422000');
INSERT INTO public.strapi_permission (id, action, subject, fields, conditions, role, created_at, updated_at) VALUES (90, 'plugins::upload.assets.update', null, null, '[]', 1, '2021-03-15 22:17:06.463000', '2021-03-15 22:17:06.486000');
INSERT INTO public.strapi_permission (id, action, subject, fields, conditions, role, created_at, updated_at) VALUES (91, 'plugins::upload.assets.download', null, null, '[]', 1, '2021-03-15 22:17:06.463000', '2021-03-15 22:17:06.486000');
INSERT INTO public.strapi_permission (id, action, subject, fields, conditions, role, created_at, updated_at) VALUES (100, 'plugins::users-permissions.roles.delete', null, null, '[]', 1, '2021-03-15 22:17:06.527000', '2021-03-15 22:17:06.554000');
INSERT INTO public.strapi_permission (id, action, subject, fields, conditions, role, created_at, updated_at) VALUES (101, 'plugins::users-permissions.providers.read', null, null, '[]', 1, '2021-03-15 22:17:06.528000', '2021-03-15 22:17:06.554000');
INSERT INTO public.strapi_permission (id, action, subject, fields, conditions, role, created_at, updated_at) VALUES (114, 'admin::users.create', null, null, '[]', 1, '2021-03-15 22:17:06.601000', '2021-03-15 22:17:06.629000');
INSERT INTO public.strapi_permission (id, action, subject, fields, conditions, role, created_at, updated_at) VALUES (115, 'admin::users.read', null, null, '[]', 1, '2021-03-15 22:17:06.601000', '2021-03-15 22:17:06.629000');
INSERT INTO public.strapi_permission (id, action, subject, fields, conditions, role, created_at, updated_at) VALUES (124, 'plugins::content-manager.explorer.update', 'plugins::users-permissions.user', '["username", "email", "provider", "password", "resetPasswordToken", "confirmed", "blocked", "role"]', '[]', 1, '2021-03-18 11:14:17.594000', '2021-04-17 10:42:41.310000');
INSERT INTO public.strapi_permission (id, action, subject, fields, conditions, role, created_at, updated_at) VALUES (17, 'plugins::content-manager.explorer.update', 'application::product.product', '["title", "product_categories", "images", "is_featured", "is_hot", "price", "sale_price", "vendor", "brands", "review", "is_out_of_stock", "depot", "inventory", "variants.images", "variants.price", "variants.sale_price", "variants.thumbnail", "variants.name", "variants.sizes.name", "variants.sizes.character", "variants.is_sale", "is_active", "is_sale", "thumbnail", "collections", "slug"]', '[]', 2, '2021-03-15 22:17:05.872000', '2021-03-15 22:17:05.898000');
INSERT INTO public.strapi_permission (id, action, subject, fields, conditions, role, created_at, updated_at) VALUES (28, 'plugins::upload.assets.download', null, null, '[]', 2, '2021-03-15 22:17:05.946000', '2021-03-15 22:17:05.972000');
INSERT INTO public.strapi_permission (id, action, subject, fields, conditions, role, created_at, updated_at) VALUES (35, 'plugins::content-manager.explorer.create', 'application::promotions.promotions', '["name", "slug", "items.name", "items.slug", "items.image", "items.link"]', '["admin::is-creator"]', 3, '2021-03-15 22:17:06.025000', '2021-03-15 22:17:06.051000');
INSERT INTO public.strapi_permission (id, action, subject, fields, conditions, role, created_at, updated_at) VALUES (46, 'plugins::content-manager.explorer.update', 'application::product.product', '["title", "product_categories", "images", "is_featured", "is_hot", "price", "sale_price", "vendor", "brands", "review", "is_out_of_stock", "depot", "inventory", "variants.images", "variants.price", "variants.sale_price", "variants.thumbnail", "variants.name", "variants.sizes.name", "variants.sizes.character", "variants.is_sale", "is_active", "is_sale", "thumbnail", "collections", "slug"]', '["admin::is-creator"]', 3, '2021-03-15 22:17:06.095000', '2021-03-15 22:17:06.119000');
INSERT INTO public.strapi_permission (id, action, subject, fields, conditions, role, created_at, updated_at) VALUES (56, 'plugins::upload.assets.update', null, null, '["admin::is-creator"]', 3, '2021-03-15 22:17:06.159000', '2021-03-15 22:17:06.181000');
INSERT INTO public.strapi_permission (id, action, subject, fields, conditions, role, created_at, updated_at) VALUES (62, 'plugins::content-manager.explorer.create', 'application::product-categories.product-categories', '["name", "slug", "products"]', '[]', 1, '2021-03-15 22:17:06.245000', '2021-03-15 22:17:06.288000');
INSERT INTO public.strapi_permission (id, action, subject, fields, conditions, role, created_at, updated_at) VALUES (71, 'plugins::content-manager.explorer.read', 'application::promotions.promotions', '["name", "slug", "items.name", "items.slug", "items.image", "items.link"]', '[]', 1, '2021-03-15 22:17:06.332000', '2021-03-15 22:17:06.356000');
INSERT INTO public.strapi_permission (id, action, subject, fields, conditions, role, created_at, updated_at) VALUES (74, 'plugins::content-manager.explorer.update', 'application::brand.brand', '["name", "slug", "products"]', '[]', 1, '2021-03-15 22:17:06.333000', '2021-03-15 22:17:06.357000');
INSERT INTO public.strapi_permission (id, action, subject, fields, conditions, role, created_at, updated_at) VALUES (82, 'plugins::content-manager.explorer.delete', 'application::collection.collection', null, '[]', 1, '2021-03-15 22:17:06.399000', '2021-03-15 22:17:06.422000');
INSERT INTO public.strapi_permission (id, action, subject, fields, conditions, role, created_at, updated_at) VALUES (88, 'plugins::upload.read', null, null, '[]', 1, '2021-03-15 22:17:06.400000', '2021-03-15 22:17:06.423000');
INSERT INTO public.strapi_permission (id, action, subject, fields, conditions, role, created_at, updated_at) VALUES (92, 'plugins::upload.assets.copy-link', null, null, '[]', 1, '2021-03-15 22:17:06.463000', '2021-03-15 22:17:06.486000');
INSERT INTO public.strapi_permission (id, action, subject, fields, conditions, role, created_at, updated_at) VALUES (94, 'plugins::content-manager.single-types.configure-view', null, null, '[]', 1, '2021-03-15 22:17:06.464000', '2021-03-15 22:17:06.487000');
INSERT INTO public.strapi_permission (id, action, subject, fields, conditions, role, created_at, updated_at) VALUES (104, 'plugins::users-permissions.email-templates.update', null, null, '[]', 1, '2021-03-15 22:17:06.528000', '2021-03-15 22:17:06.554000');
INSERT INTO public.strapi_permission (id, action, subject, fields, conditions, role, created_at, updated_at) VALUES (105, 'plugins::users-permissions.advanced-settings.read', null, null, '[]', 1, '2021-03-15 22:17:06.528000', '2021-03-15 22:17:06.555000');
INSERT INTO public.strapi_permission (id, action, subject, fields, conditions, role, created_at, updated_at) VALUES (113, 'admin::webhooks.delete', null, null, '[]', 1, '2021-03-15 22:17:06.601000', '2021-03-15 22:17:06.629000');
INSERT INTO public.strapi_permission (id, action, subject, fields, conditions, role, created_at, updated_at) VALUES (116, 'admin::users.update', null, null, '[]', 1, '2021-03-15 22:17:06.602000', '2021-03-15 22:17:06.629000');
INSERT INTO public.strapi_permission (id, action, subject, fields, conditions, role, created_at, updated_at) VALUES (18, 'plugins::content-manager.explorer.update', 'application::promotions.promotions', '["name", "slug", "items.name", "items.slug", "items.image", "items.link"]', '[]', 2, '2021-03-15 22:17:05.872000', '2021-03-15 22:17:05.898000');
INSERT INTO public.strapi_permission (id, action, subject, fields, conditions, role, created_at, updated_at) VALUES (25, 'plugins::upload.read', null, null, '[]', 2, '2021-03-15 22:17:05.946000', '2021-03-15 22:17:05.972000');
INSERT INTO public.strapi_permission (id, action, subject, fields, conditions, role, created_at, updated_at) VALUES (36, 'plugins::content-manager.explorer.read', 'application::banner.banner', '["slug", "name", "items.isImage", "items.image", "items.title", "items.desc", "items.btn_text", "items.desc_hightlight", "items.text_on_top"]', '["admin::is-creator"]', 3, '2021-03-15 22:17:06.025000', '2021-03-15 22:17:06.051000');
INSERT INTO public.strapi_permission (id, action, subject, fields, conditions, role, created_at, updated_at) VALUES (43, 'plugins::content-manager.explorer.update', 'application::brand.brand', '["name", "slug", "products"]', '["admin::is-creator"]', 3, '2021-03-15 22:17:06.095000', '2021-03-15 22:17:06.119000');
INSERT INTO public.strapi_permission (id, action, subject, fields, conditions, role, created_at, updated_at) VALUES (55, 'plugins::upload.assets.create', null, null, '[]', 3, '2021-03-15 22:17:06.159000', '2021-03-15 22:17:06.181000');
INSERT INTO public.strapi_permission (id, action, subject, fields, conditions, role, created_at, updated_at) VALUES (76, 'plugins::content-manager.explorer.update', 'application::product-categories.product-categories', '["name", "slug", "products"]', '[]', 1, '2021-03-15 22:17:06.333000', '2021-03-15 22:17:06.357000');
INSERT INTO public.strapi_permission (id, action, subject, fields, conditions, role, created_at, updated_at) VALUES (77, 'plugins::content-manager.explorer.update', 'application::product.product', '["title", "product_categories", "images", "is_featured", "is_hot", "price", "sale_price", "vendor", "brands", "review", "is_out_of_stock", "depot", "inventory", "variants.images", "variants.price", "variants.sale_price", "variants.thumbnail", "variants.name", "variants.sizes.name", "variants.sizes.character", "variants.is_sale", "is_active", "is_sale", "thumbnail", "collections", "slug"]', '[]', 1, '2021-03-15 22:17:06.333000', '2021-03-15 22:17:06.357000');
INSERT INTO public.strapi_permission (id, action, subject, fields, conditions, role, created_at, updated_at) VALUES (84, 'plugins::content-manager.explorer.delete', 'application::product.product', null, '[]', 1, '2021-03-15 22:17:06.399000', '2021-03-15 22:17:06.422000');
INSERT INTO public.strapi_permission (id, action, subject, fields, conditions, role, created_at, updated_at) VALUES (85, 'plugins::content-manager.explorer.delete', 'application::promotions.promotions', null, '[]', 1, '2021-03-15 22:17:06.399000', '2021-03-15 22:17:06.422000');
INSERT INTO public.strapi_permission (id, action, subject, fields, conditions, role, created_at, updated_at) VALUES (95, 'plugins::content-manager.collection-types.configure-view', null, null, '[]', 1, '2021-03-15 22:17:06.464000', '2021-03-15 22:17:06.487000');
INSERT INTO public.strapi_permission (id, action, subject, fields, conditions, role, created_at, updated_at) VALUES (98, 'plugins::users-permissions.roles.read', null, null, '[]', 1, '2021-03-15 22:17:06.464000', '2021-03-15 22:17:06.487000');
INSERT INTO public.strapi_permission (id, action, subject, fields, conditions, role, created_at, updated_at) VALUES (103, 'plugins::users-permissions.email-templates.read', null, null, '[]', 1, '2021-03-15 22:17:06.528000', '2021-03-15 22:17:06.554000');
INSERT INTO public.strapi_permission (id, action, subject, fields, conditions, role, created_at, updated_at) VALUES (108, 'admin::marketplace.plugins.install', null, null, '[]', 1, '2021-03-15 22:17:06.529000', '2021-03-15 22:17:06.555000');
INSERT INTO public.strapi_permission (id, action, subject, fields, conditions, role, created_at, updated_at) VALUES (110, 'admin::webhooks.create', null, null, '[]', 1, '2021-03-15 22:17:06.600000', '2021-03-15 22:17:06.628000');
INSERT INTO public.strapi_permission (id, action, subject, fields, conditions, role, created_at, updated_at) VALUES (117, 'admin::users.delete', null, null, '[]', 1, '2021-03-15 22:17:06.602000', '2021-03-15 22:17:06.629000');
INSERT INTO public.strapi_permission (id, action, subject, fields, conditions, role, created_at, updated_at) VALUES (120, 'admin::roles.update', null, null, '[]', 1, '2021-03-15 22:17:06.671000', '2021-03-15 22:17:06.679000');
INSERT INTO public.strapi_permission (id, action, subject, fields, conditions, role, created_at, updated_at) VALUES (19, 'plugins::content-manager.explorer.delete', 'application::banner.banner', null, '[]', 2, '2021-03-15 22:17:05.873000', '2021-03-15 22:17:05.898000');
INSERT INTO public.strapi_permission (id, action, subject, fields, conditions, role, created_at, updated_at) VALUES (23, 'plugins::content-manager.explorer.delete', 'application::product.product', null, '[]', 2, '2021-03-15 22:17:05.945000', '2021-03-15 22:17:05.971000');
INSERT INTO public.strapi_permission (id, action, subject, fields, conditions, role, created_at, updated_at) VALUES (32, 'plugins::content-manager.explorer.create', 'application::collection.collection', '["name", "slug", "products"]', '["admin::is-creator"]', 3, '2021-03-15 22:17:06.024000', '2021-03-15 22:17:06.050000');
INSERT INTO public.strapi_permission (id, action, subject, fields, conditions, role, created_at, updated_at) VALUES (41, 'plugins::content-manager.explorer.read', 'application::promotions.promotions', '["name", "slug", "items.name", "items.slug", "items.image", "items.link"]', '["admin::is-creator"]', 3, '2021-03-15 22:17:06.094000', '2021-03-15 22:17:06.119000');
INSERT INTO public.strapi_permission (id, action, subject, fields, conditions, role, created_at, updated_at) VALUES (51, 'plugins::content-manager.explorer.delete', 'application::product-categories.product-categories', null, '["admin::is-creator"]', 3, '2021-03-15 22:17:06.158000', '2021-03-15 22:17:06.180000');
INSERT INTO public.strapi_permission (id, action, subject, fields, conditions, role, created_at, updated_at) VALUES (66, 'plugins::content-manager.explorer.read', 'application::banner.banner', '["slug", "name", "items.isImage", "items.image", "items.title", "items.desc", "items.btn_text", "items.desc_hightlight", "items.text_on_top"]', '[]', 1, '2021-03-15 22:17:06.245000', '2021-03-15 22:17:06.289000');
INSERT INTO public.strapi_permission (id, action, subject, fields, conditions, role, created_at, updated_at) VALUES (73, 'plugins::content-manager.explorer.update', 'application::banner.banner', '["slug", "name", "items.isImage", "items.image", "items.title", "items.desc", "items.btn_text", "items.desc_hightlight", "items.text_on_top"]', '[]', 1, '2021-03-15 22:17:06.333000', '2021-03-15 22:17:06.356000');
INSERT INTO public.strapi_permission (id, action, subject, fields, conditions, role, created_at, updated_at) VALUES (78, 'plugins::content-manager.explorer.update', 'application::promotions.promotions', '["name", "slug", "items.name", "items.slug", "items.image", "items.link"]', '[]', 1, '2021-03-15 22:17:06.334000', '2021-03-15 22:17:06.357000');
INSERT INTO public.strapi_permission (id, action, subject, fields, conditions, role, created_at, updated_at) VALUES (86, 'plugins::content-manager.explorer.delete', 'plugins::users-permissions.user', null, '[]', 1, '2021-03-15 22:17:06.399000', '2021-03-15 22:17:06.422000');
INSERT INTO public.strapi_permission (id, action, subject, fields, conditions, role, created_at, updated_at) VALUES (87, 'plugins::content-type-builder.read', null, null, '[]', 1, '2021-03-15 22:17:06.400000', '2021-03-15 22:17:06.422000');
INSERT INTO public.strapi_permission (id, action, subject, fields, conditions, role, created_at, updated_at) VALUES (96, 'plugins::content-manager.components.configure-layout', null, null, '[]', 1, '2021-03-15 22:17:06.464000', '2021-03-15 22:17:06.487000');
INSERT INTO public.strapi_permission (id, action, subject, fields, conditions, role, created_at, updated_at) VALUES (97, 'plugins::users-permissions.roles.create', null, null, '[]', 1, '2021-03-15 22:17:06.464000', '2021-03-15 22:17:06.487000');
INSERT INTO public.strapi_permission (id, action, subject, fields, conditions, role, created_at, updated_at) VALUES (102, 'plugins::users-permissions.providers.update', null, null, '[]', 1, '2021-03-15 22:17:06.528000', '2021-03-15 22:17:06.554000');
INSERT INTO public.strapi_permission (id, action, subject, fields, conditions, role, created_at, updated_at) VALUES (106, 'plugins::users-permissions.advanced-settings.update', null, null, '[]', 1, '2021-03-15 22:17:06.529000', '2021-03-15 22:17:06.555000');
INSERT INTO public.strapi_permission (id, action, subject, fields, conditions, role, created_at, updated_at) VALUES (111, 'admin::webhooks.read', null, null, '[]', 1, '2021-03-15 22:17:06.601000', '2021-03-15 22:17:06.628000');
INSERT INTO public.strapi_permission (id, action, subject, fields, conditions, role, created_at, updated_at) VALUES (118, 'admin::roles.create', null, null, '[]', 1, '2021-03-15 22:17:06.602000', '2021-03-15 22:17:06.629000');
INSERT INTO public.strapi_permission (id, action, subject, fields, conditions, role, created_at, updated_at) VALUES (121, 'admin::roles.delete', null, null, '[]', 1, '2021-03-15 22:17:06.671000', '2021-03-15 22:17:06.679000');
INSERT INTO public.strapi_permission (id, action, subject, fields, conditions, role, created_at, updated_at) VALUES (15, 'plugins::content-manager.explorer.update', 'application::collection.collection', '["name", "slug", "products"]', '[]', 2, '2021-03-15 22:17:05.872000', '2021-03-15 22:17:05.897000');
INSERT INTO public.strapi_permission (id, action, subject, fields, conditions, role, created_at, updated_at) VALUES (29, 'plugins::upload.assets.copy-link', null, null, '[]', 2, '2021-03-15 22:17:05.954000', '2021-03-15 22:17:05.979000');
INSERT INTO public.strapi_permission (id, action, subject, fields, conditions, role, created_at, updated_at) VALUES (30, 'plugins::content-manager.explorer.create', 'application::banner.banner', '["slug", "name", "items.isImage", "items.image", "items.title", "items.desc", "items.btn_text", "items.desc_hightlight", "items.text_on_top"]', '["admin::is-creator"]', 3, '2021-03-15 22:17:06.024000', '2021-03-15 22:17:06.050000');
INSERT INTO public.strapi_permission (id, action, subject, fields, conditions, role, created_at, updated_at) VALUES (40, 'plugins::content-manager.explorer.read', 'application::product.product', '["title", "product_categories", "images", "is_featured", "is_hot", "price", "sale_price", "vendor", "brands", "review", "is_out_of_stock", "depot", "inventory", "variants.images", "variants.price", "variants.sale_price", "variants.thumbnail", "variants.name", "variants.sizes.name", "variants.sizes.character", "variants.is_sale", "is_active", "is_sale", "thumbnail", "collections", "slug"]', '["admin::is-creator"]', 3, '2021-03-15 22:17:06.088000', '2021-03-15 22:17:06.109000');
INSERT INTO public.strapi_permission (id, action, subject, fields, conditions, role, created_at, updated_at) VALUES (50, 'plugins::content-manager.explorer.delete', 'application::collection.collection', null, '["admin::is-creator"]', 3, '2021-03-15 22:17:06.152000', '2021-03-15 22:17:06.169000');
INSERT INTO public.strapi_permission (id, action, subject, fields, conditions, role, created_at, updated_at) VALUES (67, 'plugins::content-manager.explorer.read', 'application::brand.brand', '["name", "slug", "products"]', '[]', 1, '2021-03-15 22:17:06.246000', '2021-03-15 22:17:06.289000');
INSERT INTO public.strapi_permission (id, action, subject, fields, conditions, role, created_at, updated_at) VALUES (75, 'plugins::content-manager.explorer.update', 'application::collection.collection', '["name", "slug", "products"]', '[]', 1, '2021-03-15 22:17:06.333000', '2021-03-15 22:17:06.357000');
INSERT INTO public.strapi_permission (id, action, subject, fields, conditions, role, created_at, updated_at) VALUES (83, 'plugins::content-manager.explorer.delete', 'application::product-categories.product-categories', null, '[]', 1, '2021-03-15 22:17:06.399000', '2021-03-15 22:17:06.422000');
INSERT INTO public.strapi_permission (id, action, subject, fields, conditions, role, created_at, updated_at) VALUES (93, 'plugins::upload.settings.read', null, null, '[]', 1, '2021-03-15 22:17:06.463000', '2021-03-15 22:17:06.487000');
INSERT INTO public.strapi_permission (id, action, subject, fields, conditions, role, created_at, updated_at) VALUES (107, 'admin::marketplace.read', null, null, '[]', 1, '2021-03-15 22:17:06.529000', '2021-03-15 22:17:06.555000');
INSERT INTO public.strapi_permission (id, action, subject, fields, conditions, role, created_at, updated_at) VALUES (112, 'admin::webhooks.update', null, null, '[]', 1, '2021-03-15 22:17:06.601000', '2021-03-15 22:17:06.629000');INSERT INTO public.strapi_role (id, name, code, description, created_at, updated_at) VALUES (1, 'Super Admin', 'strapi-super-admin', 'Super Admins can access and manage all features and settings.', '2021-03-15 22:17:05.717000', '2021-03-15 22:17:05.717000');
INSERT INTO public.strapi_role (id, name, code, description, created_at, updated_at) VALUES (2, 'Editor', 'strapi-editor', 'Editors can manage and publish contents including those of other users.', '2021-03-15 22:17:05.737000', '2021-03-15 22:17:05.737000');
INSERT INTO public.strapi_role (id, name, code, description, created_at, updated_at) VALUES (3, 'Author', 'strapi-author', 'Authors can manage and publish the content they created.', '2021-03-15 22:17:05.756000', '2021-03-15 22:17:05.756000');INSERT INTO public.strapi_users_roles (id, user_id, role_id) VALUES (1, 1, 1);INSERT INTO public.upload_file_morph (id, upload_file_id, related_id, related_type, field, "order") VALUES (1, 2, 1, 'components_variants_items', 'image', 1);
INSERT INTO public.upload_file_morph (id, upload_file_id, related_id, related_type, field, "order") VALUES (2, 3, 2, 'components_variants_items', 'image', 1);
INSERT INTO public.upload_file_morph (id, upload_file_id, related_id, related_type, field, "order") VALUES (3, 4, 3, 'components_variants_items', 'image', 1);
INSERT INTO public.upload_file_morph (id, upload_file_id, related_id, related_type, field, "order") VALUES (4, 5, 1, 'components_items_items', 'image', 1);
INSERT INTO public.upload_file_morph (id, upload_file_id, related_id, related_type, field, "order") VALUES (5, 6, 2, 'components_items_items', 'image', 1);
INSERT INTO public.upload_file_morph (id, upload_file_id, related_id, related_type, field, "order") VALUES (6, 7, 3, 'components_items_items', 'image', 1);
INSERT INTO public.upload_file_morph (id, upload_file_id, related_id, related_type, field, "order") VALUES (7, 8, 4, 'components_items_items', 'image', 1);
INSERT INTO public.upload_file_morph (id, upload_file_id, related_id, related_type, field, "order") VALUES (8, 9, 5, 'components_items_items', 'image', 1);
INSERT INTO public.upload_file_morph (id, upload_file_id, related_id, related_type, field, "order") VALUES (9, 10, 6, 'components_items_items', 'image', 1);
INSERT INTO public.upload_file_morph (id, upload_file_id, related_id, related_type, field, "order") VALUES (10, 11, 7, 'components_items_items', 'image', 1);
INSERT INTO public.upload_file_morph (id, upload_file_id, related_id, related_type, field, "order") VALUES (11, 14, 1, 'products', 'images', 1);
INSERT INTO public.upload_file_morph (id, upload_file_id, related_id, related_type, field, "order") VALUES (12, 13, 1, 'products', 'images', 2);
INSERT INTO public.upload_file_morph (id, upload_file_id, related_id, related_type, field, "order") VALUES (13, 12, 1, 'products', 'images', 3);
INSERT INTO public.upload_file_morph (id, upload_file_id, related_id, related_type, field, "order") VALUES (14, 14, 1, 'products', 'thumbnail', 1);INSERT INTO public.upload_file (id, name, "alternativeText", caption, width, height, formats, hash, ext, mime, size, url, "previewUrl", provider, provider_metadata, created_by, updated_by, created_at, updated_at) VALUES (1, 'wordpress-template-hierarchy.png', '', '', 2880, 1800, '{"large": {"ext": ".png", "url": "/uploads/large_wordpress_template_hierarchy_8d4e3eb6a9.png", "hash": "large_wordpress_template_hierarchy_8d4e3eb6a9", "mime": "image/png", "name": "large_wordpress-template-hierarchy.png", "path": null, "size": 129.65, "width": 1000, "height": 625}, "small": {"ext": ".png", "url": "/uploads/small_wordpress_template_hierarchy_8d4e3eb6a9.png", "hash": "small_wordpress_template_hierarchy_8d4e3eb6a9", "mime": "image/png", "name": "small_wordpress-template-hierarchy.png", "path": null, "size": 53.26, "width": 500, "height": 313}, "medium": {"ext": ".png", "url": "/uploads/medium_wordpress_template_hierarchy_8d4e3eb6a9.png", "hash": "medium_wordpress_template_hierarchy_8d4e3eb6a9", "mime": "image/png", "name": "medium_wordpress-template-hierarchy.png", "path": null, "size": 90.71, "width": 750, "height": 469}, "thumbnail": {"ext": ".png", "url": "/uploads/thumbnail_wordpress_template_hierarchy_8d4e3eb6a9.png", "hash": "thumbnail_wordpress_template_hierarchy_8d4e3eb6a9", "mime": "image/png", "name": "thumbnail_wordpress-template-hierarchy.png", "path": null, "size": 23.17, "width": 245, "height": 153}}', 'wordpress_template_hierarchy_8d4e3eb6a9', '.png', 'image/png', 168.13, '/uploads/wordpress_template_hierarchy_8d4e3eb6a9.png', null, 'local', null, 1, 1, '2021-03-15 22:28:34.194000', '2021-03-15 22:28:34.236000');
INSERT INTO public.upload_file (id, name, "alternativeText", caption, width, height, formats, hash, ext, mime, size, url, "previewUrl", provider, provider_metadata, created_by, updated_by, created_at, updated_at) VALUES (2, 'slide_1_181132dd9d.jpeg', '', '', 1230, 425, '{"large": {"ext": ".jpeg", "url": "/uploads/large_slide_1_181132dd9d_cabb9499a9.jpeg", "hash": "large_slide_1_181132dd9d_cabb9499a9", "mime": "image/jpeg", "name": "large_slide_1_181132dd9d.jpeg", "path": null, "size": 52.8, "width": 1000, "height": 346}, "small": {"ext": ".jpeg", "url": "/uploads/small_slide_1_181132dd9d_cabb9499a9.jpeg", "hash": "small_slide_1_181132dd9d_cabb9499a9", "mime": "image/jpeg", "name": "small_slide_1_181132dd9d.jpeg", "path": null, "size": 16.19, "width": 500, "height": 173}, "medium": {"ext": ".jpeg", "url": "/uploads/medium_slide_1_181132dd9d_cabb9499a9.jpeg", "hash": "medium_slide_1_181132dd9d_cabb9499a9", "mime": "image/jpeg", "name": "medium_slide_1_181132dd9d.jpeg", "path": null, "size": 32.26, "width": 750, "height": 259}, "thumbnail": {"ext": ".jpeg", "url": "/uploads/thumbnail_slide_1_181132dd9d_cabb9499a9.jpeg", "hash": "thumbnail_slide_1_181132dd9d_cabb9499a9", "mime": "image/jpeg", "name": "thumbnail_slide_1_181132dd9d.jpeg", "path": null, "size": 4.95, "width": 245, "height": 85}}', 'slide_1_181132dd9d_cabb9499a9', '.jpeg', 'image/jpeg', 70.03, '/uploads/slide_1_181132dd9d_cabb9499a9.jpeg', null, 'local', null, 1, 1, '2021-04-18 01:31:34.878000', '2021-04-18 01:31:34.918000');
INSERT INTO public.upload_file (id, name, "alternativeText", caption, width, height, formats, hash, ext, mime, size, url, "previewUrl", provider, provider_metadata, created_by, updated_by, created_at, updated_at) VALUES (4, 'slide_3_1fcb990278.jpeg', '', '', 1230, 425, '{"large": {"ext": ".jpeg", "url": "/uploads/large_slide_3_1fcb990278_0521cd133a.jpeg", "hash": "large_slide_3_1fcb990278_0521cd133a", "mime": "image/jpeg", "name": "large_slide_3_1fcb990278.jpeg", "path": null, "size": 34.51, "width": 1000, "height": 346}, "small": {"ext": ".jpeg", "url": "/uploads/small_slide_3_1fcb990278_0521cd133a.jpeg", "hash": "small_slide_3_1fcb990278_0521cd133a", "mime": "image/jpeg", "name": "small_slide_3_1fcb990278.jpeg", "path": null, "size": 11.2, "width": 500, "height": 173}, "medium": {"ext": ".jpeg", "url": "/uploads/medium_slide_3_1fcb990278_0521cd133a.jpeg", "hash": "medium_slide_3_1fcb990278_0521cd133a", "mime": "image/jpeg", "name": "medium_slide_3_1fcb990278.jpeg", "path": null, "size": 21.38, "width": 750, "height": 259}, "thumbnail": {"ext": ".jpeg", "url": "/uploads/thumbnail_slide_3_1fcb990278_0521cd133a.jpeg", "hash": "thumbnail_slide_3_1fcb990278_0521cd133a", "mime": "image/jpeg", "name": "thumbnail_slide_3_1fcb990278.jpeg", "path": null, "size": 3.59, "width": 245, "height": 85}}', 'slide_3_1fcb990278_0521cd133a', '.jpeg', 'image/jpeg', 38.53, '/uploads/slide_3_1fcb990278_0521cd133a.jpeg', null, 'local', null, 1, 1, '2021-04-18 01:32:10.844000', '2021-04-18 01:32:10.873000');
INSERT INTO public.upload_file (id, name, "alternativeText", caption, width, height, formats, hash, ext, mime, size, url, "previewUrl", provider, provider_metadata, created_by, updated_by, created_at, updated_at) VALUES (12, '02.jpg', '', '', 600, 600, '{"small": {"ext": ".jpg", "url": "/uploads/small_02_c6ffc29b4f.jpg", "hash": "small_02_c6ffc29b4f", "mime": "image/jpeg", "name": "small_02.jpg", "path": null, "size": 10.49, "width": 500, "height": 500}, "thumbnail": {"ext": ".jpg", "url": "/uploads/thumbnail_02_c6ffc29b4f.jpg", "hash": "thumbnail_02_c6ffc29b4f", "mime": "image/jpeg", "name": "thumbnail_02.jpg", "path": null, "size": 1.89, "width": 156, "height": 156}}', '02_c6ffc29b4f', '.jpg', 'image/jpeg', 11.66, '/uploads/02_c6ffc29b4f.jpg', null, 'local', null, 1, 1, '2021-04-18 02:24:30.697000', '2021-04-18 02:24:30.768000');
INSERT INTO public.upload_file (id, name, "alternativeText", caption, width, height, formats, hash, ext, mime, size, url, "previewUrl", provider, provider_metadata, created_by, updated_by, created_at, updated_at) VALUES (13, '03.jpg', '', '', 600, 600, '{"small": {"ext": ".jpg", "url": "/uploads/small_03_ad07c230b7.jpg", "hash": "small_03_ad07c230b7", "mime": "image/jpeg", "name": "small_03.jpg", "path": null, "size": 3.99, "width": 500, "height": 500}, "thumbnail": {"ext": ".jpg", "url": "/uploads/thumbnail_03_ad07c230b7.jpg", "hash": "thumbnail_03_ad07c230b7", "mime": "image/jpeg", "name": "thumbnail_03.jpg", "path": null, "size": 0.9, "width": 156, "height": 156}}', '03_ad07c230b7', '.jpg', 'image/jpeg', 4.43, '/uploads/03_ad07c230b7.jpg', null, 'local', null, 1, 1, '2021-04-18 02:24:30.702000', '2021-04-18 02:24:30.770000');
INSERT INTO public.upload_file (id, name, "alternativeText", caption, width, height, formats, hash, ext, mime, size, url, "previewUrl", provider, provider_metadata, created_by, updated_by, created_at, updated_at) VALUES (14, '01.jpg', '', '', 600, 600, '{"small": {"ext": ".jpg", "url": "/uploads/small_01_291022dcd8.jpg", "hash": "small_01_291022dcd8", "mime": "image/jpeg", "name": "small_01.jpg", "path": null, "size": 8.69, "width": 500, "height": 500}, "thumbnail": {"ext": ".jpg", "url": "/uploads/thumbnail_01_291022dcd8.jpg", "hash": "thumbnail_01_291022dcd8", "mime": "image/jpeg", "name": "thumbnail_01.jpg", "path": null, "size": 1.7, "width": 156, "height": 156}}', '01_291022dcd8', '.jpg', 'image/jpeg', 8.54, '/uploads/01_291022dcd8.jpg', null, 'local', null, 1, 1, '2021-04-18 02:24:30.709000', '2021-04-18 02:24:30.777000');
INSERT INTO public.upload_file (id, name, "alternativeText", caption, width, height, formats, hash, ext, mime, size, url, "previewUrl", provider, provider_metadata, created_by, updated_by, created_at, updated_at) VALUES (3, 'slide_2_13a8d2d155.jpeg', '', '', 1230, 425, '{"large": {"ext": ".jpeg", "url": "/uploads/large_slide_2_13a8d2d155_fe08e13d24.jpeg", "hash": "large_slide_2_13a8d2d155_fe08e13d24", "mime": "image/jpeg", "name": "large_slide_2_13a8d2d155.jpeg", "path": null, "size": 32.76, "width": 1000, "height": 346}, "small": {"ext": ".jpeg", "url": "/uploads/small_slide_2_13a8d2d155_fe08e13d24.jpeg", "hash": "small_slide_2_13a8d2d155_fe08e13d24", "mime": "image/jpeg", "name": "small_slide_2_13a8d2d155.jpeg", "path": null, "size": 11.43, "width": 500, "height": 173}, "medium": {"ext": ".jpeg", "url": "/uploads/medium_slide_2_13a8d2d155_fe08e13d24.jpeg", "hash": "medium_slide_2_13a8d2d155_fe08e13d24", "mime": "image/jpeg", "name": "medium_slide_2_13a8d2d155.jpeg", "path": null, "size": 21.05, "width": 750, "height": 259}, "thumbnail": {"ext": ".jpeg", "url": "/uploads/thumbnail_slide_2_13a8d2d155_fe08e13d24.jpeg", "hash": "thumbnail_slide_2_13a8d2d155_fe08e13d24", "mime": "image/jpeg", "name": "thumbnail_slide_2_13a8d2d155.jpeg", "path": null, "size": 3.61, "width": 245, "height": 85}}', 'slide_2_13a8d2d155_fe08e13d24', '.jpeg', 'image/jpeg', 38.61, '/uploads/slide_2_13a8d2d155_fe08e13d24.jpeg', null, 'local', null, 1, 1, '2021-04-18 01:31:53.947000', '2021-04-18 01:31:53.974000');
INSERT INTO public.upload_file (id, name, "alternativeText", caption, width, height, formats, hash, ext, mime, size, url, "previewUrl", provider, provider_metadata, created_by, updated_by, created_at, updated_at) VALUES (5, '1.jpg', '', '', 1650, 399, '{"large": {"ext": ".jpg", "url": "/uploads/large_1_f5e030a3d5.jpg", "hash": "large_1_f5e030a3d5", "mime": "image/jpeg", "name": "large_1.jpg", "path": null, "size": 26.58, "width": 1000, "height": 242}, "small": {"ext": ".jpg", "url": "/uploads/small_1_f5e030a3d5.jpg", "hash": "small_1_f5e030a3d5", "mime": "image/jpeg", "name": "small_1.jpg", "path": null, "size": 8.6, "width": 500, "height": 121}, "medium": {"ext": ".jpg", "url": "/uploads/medium_1_f5e030a3d5.jpg", "hash": "medium_1_f5e030a3d5", "mime": "image/jpeg", "name": "medium_1.jpg", "path": null, "size": 16.49, "width": 750, "height": 181}, "thumbnail": {"ext": ".jpg", "url": "/uploads/thumbnail_1_f5e030a3d5.jpg", "hash": "thumbnail_1_f5e030a3d5", "mime": "image/jpeg", "name": "thumbnail_1.jpg", "path": null, "size": 2.89, "width": 245, "height": 59}}', '1_f5e030a3d5', '.jpg', 'image/jpeg', 59.32, '/uploads/1_f5e030a3d5.jpg', null, 'local', null, 1, 1, '2021-04-18 01:55:24.520000', '2021-04-18 01:55:24.551000');
INSERT INTO public.upload_file (id, name, "alternativeText", caption, width, height, formats, hash, ext, mime, size, url, "previewUrl", provider, provider_metadata, created_by, updated_by, created_at, updated_at) VALUES (6, '2.jpg', '', '', 1650, 399, '{"large": {"ext": ".jpg", "url": "/uploads/large_2_3a9aabb325.jpg", "hash": "large_2_3a9aabb325", "mime": "image/jpeg", "name": "large_2.jpg", "path": null, "size": 26.28, "width": 1000, "height": 242}, "small": {"ext": ".jpg", "url": "/uploads/small_2_3a9aabb325.jpg", "hash": "small_2_3a9aabb325", "mime": "image/jpeg", "name": "small_2.jpg", "path": null, "size": 6.69, "width": 500, "height": 121}, "medium": {"ext": ".jpg", "url": "/uploads/medium_2_3a9aabb325.jpg", "hash": "medium_2_3a9aabb325", "mime": "image/jpeg", "name": "medium_2.jpg", "path": null, "size": 14.37, "width": 750, "height": 181}, "thumbnail": {"ext": ".jpg", "url": "/uploads/thumbnail_2_3a9aabb325.jpg", "hash": "thumbnail_2_3a9aabb325", "mime": "image/jpeg", "name": "thumbnail_2.jpg", "path": null, "size": 2.19, "width": 245, "height": 59}}', '2_3a9aabb325', '.jpg', 'image/jpeg', 52.75, '/uploads/2_3a9aabb325.jpg', null, 'local', null, 1, 1, '2021-04-18 01:56:01.042000', '2021-04-18 01:56:01.074000');
INSERT INTO public.upload_file (id, name, "alternativeText", caption, width, height, formats, hash, ext, mime, size, url, "previewUrl", provider, provider_metadata, created_by, updated_by, created_at, updated_at) VALUES (7, '1_8da96bf1ad.jpeg', '', '', 530, 285, '{"small": {"ext": ".jpeg", "url": "/uploads/small_1_8da96bf1ad_f870a8b63b.jpeg", "hash": "small_1_8da96bf1ad_f870a8b63b", "mime": "image/jpeg", "name": "small_1_8da96bf1ad.jpeg", "path": null, "size": 17.87, "width": 500, "height": 269}, "thumbnail": {"ext": ".jpeg", "url": "/uploads/thumbnail_1_8da96bf1ad_f870a8b63b.jpeg", "hash": "thumbnail_1_8da96bf1ad_f870a8b63b", "mime": "image/jpeg", "name": "thumbnail_1_8da96bf1ad.jpeg", "path": null, "size": 6.48, "width": 245, "height": 132}}', '1_8da96bf1ad_f870a8b63b', '.jpeg', 'image/jpeg', 19.48, '/uploads/1_8da96bf1ad_f870a8b63b.jpeg', null, 'local', null, 1, 1, '2021-04-18 01:57:47.887000', '2021-04-18 01:57:47.923000');
INSERT INTO public.upload_file (id, name, "alternativeText", caption, width, height, formats, hash, ext, mime, size, url, "previewUrl", provider, provider_metadata, created_by, updated_by, created_at, updated_at) VALUES (8, '2_1f62869338.jpeg', '', '', 530, 285, '{"small": {"ext": ".jpeg", "url": "/uploads/small_2_1f62869338_b31aabfdcd.jpeg", "hash": "small_2_1f62869338_b31aabfdcd", "mime": "image/jpeg", "name": "small_2_1f62869338.jpeg", "path": null, "size": 22.36, "width": 500, "height": 269}, "thumbnail": {"ext": ".jpeg", "url": "/uploads/thumbnail_2_1f62869338_b31aabfdcd.jpeg", "hash": "thumbnail_2_1f62869338_b31aabfdcd", "mime": "image/jpeg", "name": "thumbnail_2_1f62869338.jpeg", "path": null, "size": 7.45, "width": 245, "height": 132}}', '2_1f62869338_b31aabfdcd', '.jpeg', 'image/jpeg', 23.79, '/uploads/2_1f62869338_b31aabfdcd.jpeg', null, 'local', null, 1, 1, '2021-04-18 01:58:43.767000', '2021-04-18 01:58:43.798000');
INSERT INTO public.upload_file (id, name, "alternativeText", caption, width, height, formats, hash, ext, mime, size, url, "previewUrl", provider, provider_metadata, created_by, updated_by, created_at, updated_at) VALUES (9, '3_795c4ca51b.jpeg', '', '', 530, 285, '{"small": {"ext": ".jpeg", "url": "/uploads/small_3_795c4ca51b_668cd2b1db.jpeg", "hash": "small_3_795c4ca51b_668cd2b1db", "mime": "image/jpeg", "name": "small_3_795c4ca51b.jpeg", "path": null, "size": 22.5, "width": 500, "height": 269}, "thumbnail": {"ext": ".jpeg", "url": "/uploads/thumbnail_3_795c4ca51b_668cd2b1db.jpeg", "hash": "thumbnail_3_795c4ca51b_668cd2b1db", "mime": "image/jpeg", "name": "thumbnail_3_795c4ca51b.jpeg", "path": null, "size": 6.08, "width": 245, "height": 132}}', '3_795c4ca51b_668cd2b1db', '.jpeg', 'image/jpeg', 25.88, '/uploads/3_795c4ca51b_668cd2b1db.jpeg', null, 'local', null, 1, 1, '2021-04-18 01:59:15.913000', '2021-04-18 01:59:15.949000');
INSERT INTO public.upload_file (id, name, "alternativeText", caption, width, height, formats, hash, ext, mime, size, url, "previewUrl", provider, provider_metadata, created_by, updated_by, created_at, updated_at) VALUES (10, 'promotion_1_d6deb591f0.jpeg', '', '', 390, 193, '{"thumbnail": {"ext": ".jpeg", "url": "/uploads/thumbnail_promotion_1_d6deb591f0_dcb514a3cc.jpeg", "hash": "thumbnail_promotion_1_d6deb591f0_dcb514a3cc", "mime": "image/jpeg", "name": "thumbnail_promotion_1_d6deb591f0.jpeg", "path": null, "size": 7.81, "width": 245, "height": 121}}', 'promotion_1_d6deb591f0_dcb514a3cc', '.jpeg', 'image/jpeg', 15.63, '/uploads/promotion_1_d6deb591f0_dcb514a3cc.jpeg', null, 'local', null, 1, 1, '2021-04-18 02:00:11.735000', '2021-04-18 02:00:11.769000');
INSERT INTO public.upload_file (id, name, "alternativeText", caption, width, height, formats, hash, ext, mime, size, url, "previewUrl", provider, provider_metadata, created_by, updated_by, created_at, updated_at) VALUES (11, 'promotion_2_d252453586.jpeg', '', '', 390, 193, '{"thumbnail": {"ext": ".jpeg", "url": "/uploads/thumbnail_promotion_2_d252453586_a92c6f5b95.jpeg", "hash": "thumbnail_promotion_2_d252453586_a92c6f5b95", "mime": "image/jpeg", "name": "thumbnail_promotion_2_d252453586.jpeg", "path": null, "size": 5.35, "width": 245, "height": 121}}', 'promotion_2_d252453586_a92c6f5b95', '.jpeg', 'image/jpeg', 10.88, '/uploads/promotion_2_d252453586_a92c6f5b95.jpeg', null, 'local', null, 1, 1, '2021-04-18 02:00:38.325000', '2021-04-18 02:00:38.359000');INSERT INTO public."users-permissions_permission" (id, type, controller, action, enabled, policy, role, created_by, updated_by) VALUES (1, 'application', 'banner', 'count', false, '', 1, null, null);
INSERT INTO public."users-permissions_permission" (id, type, controller, action, enabled, policy, role, created_by, updated_by) VALUES (72, 'application', 'promotions', 'update', true, '', 2, null, null);
INSERT INTO public."users-permissions_permission" (id, type, controller, action, enabled, policy, role, created_by, updated_by) VALUES (3, 'application', 'banner', 'create', false, '', 1, null, null);
INSERT INTO public."users-permissions_permission" (id, type, controller, action, enabled, policy, role, created_by, updated_by) VALUES (64, 'application', 'promotions', 'create', true, '', 2, null, null);
INSERT INTO public."users-permissions_permission" (id, type, controller, action, enabled, policy, role, created_by, updated_by) VALUES (5, 'application', 'banner', 'delete', false, '', 1, null, null);
INSERT INTO public."users-permissions_permission" (id, type, controller, action, enabled, policy, role, created_by, updated_by) VALUES (62, 'application', 'promotions', 'count', true, '', 2, null, null);
INSERT INTO public."users-permissions_permission" (id, type, controller, action, enabled, policy, role, created_by, updated_by) VALUES (7, 'application', 'banner', 'find', false, '', 1, null, null);
INSERT INTO public."users-permissions_permission" (id, type, controller, action, enabled, policy, role, created_by, updated_by) VALUES (66, 'application', 'promotions', 'delete', true, '', 2, null, null);
INSERT INTO public."users-permissions_permission" (id, type, controller, action, enabled, policy, role, created_by, updated_by) VALUES (9, 'application', 'banner', 'findone', false, '', 1, null, null);
INSERT INTO public."users-permissions_permission" (id, type, controller, action, enabled, policy, role, created_by, updated_by) VALUES (54, 'application', 'product', 'delete', true, '', 2, null, null);
INSERT INTO public."users-permissions_permission" (id, type, controller, action, enabled, policy, role, created_by, updated_by) VALUES (11, 'application', 'banner', 'update', false, '', 1, null, null);
INSERT INTO public."users-permissions_permission" (id, type, controller, action, enabled, policy, role, created_by, updated_by) VALUES (56, 'application', 'product', 'find', true, '', 2, null, null);
INSERT INTO public."users-permissions_permission" (id, type, controller, action, enabled, policy, role, created_by, updated_by) VALUES (13, 'application', 'brand', 'count', false, '', 1, null, null);
INSERT INTO public."users-permissions_permission" (id, type, controller, action, enabled, policy, role, created_by, updated_by) VALUES (26, 'application', 'collection', 'count', true, '', 2, null, null);
INSERT INTO public."users-permissions_permission" (id, type, controller, action, enabled, policy, role, created_by, updated_by) VALUES (15, 'application', 'brand', 'create', false, '', 1, null, null);
INSERT INTO public."users-permissions_permission" (id, type, controller, action, enabled, policy, role, created_by, updated_by) VALUES (28, 'application', 'collection', 'create', true, '', 2, null, null);
INSERT INTO public."users-permissions_permission" (id, type, controller, action, enabled, policy, role, created_by, updated_by) VALUES (17, 'application', 'brand', 'delete', false, '', 1, null, null);
INSERT INTO public."users-permissions_permission" (id, type, controller, action, enabled, policy, role, created_by, updated_by) VALUES (2, 'application', 'banner', 'count', true, '', 2, null, null);
INSERT INTO public."users-permissions_permission" (id, type, controller, action, enabled, policy, role, created_by, updated_by) VALUES (19, 'application', 'brand', 'find', false, '', 1, null, null);
INSERT INTO public."users-permissions_permission" (id, type, controller, action, enabled, policy, role, created_by, updated_by) VALUES (6, 'application', 'banner', 'delete', true, '', 2, null, null);
INSERT INTO public."users-permissions_permission" (id, type, controller, action, enabled, policy, role, created_by, updated_by) VALUES (21, 'application', 'brand', 'findone', false, '', 1, null, null);
INSERT INTO public."users-permissions_permission" (id, type, controller, action, enabled, policy, role, created_by, updated_by) VALUES (8, 'application', 'banner', 'find', true, '', 2, null, null);
INSERT INTO public."users-permissions_permission" (id, type, controller, action, enabled, policy, role, created_by, updated_by) VALUES (23, 'application', 'brand', 'update', false, '', 1, null, null);
INSERT INTO public."users-permissions_permission" (id, type, controller, action, enabled, policy, role, created_by, updated_by) VALUES (4, 'application', 'banner', 'create', true, '', 2, null, null);
INSERT INTO public."users-permissions_permission" (id, type, controller, action, enabled, policy, role, created_by, updated_by) VALUES (25, 'application', 'collection', 'count', false, '', 1, null, null);
INSERT INTO public."users-permissions_permission" (id, type, controller, action, enabled, policy, role, created_by, updated_by) VALUES (58, 'application', 'product', 'findone', true, '', 2, null, null);
INSERT INTO public."users-permissions_permission" (id, type, controller, action, enabled, policy, role, created_by, updated_by) VALUES (27, 'application', 'collection', 'create', false, '', 1, null, null);
INSERT INTO public."users-permissions_permission" (id, type, controller, action, enabled, policy, role, created_by, updated_by) VALUES (50, 'application', 'product', 'count', true, '', 2, null, null);
INSERT INTO public."users-permissions_permission" (id, type, controller, action, enabled, policy, role, created_by, updated_by) VALUES (29, 'application', 'collection', 'delete', false, '', 1, null, null);
INSERT INTO public."users-permissions_permission" (id, type, controller, action, enabled, policy, role, created_by, updated_by) VALUES (12, 'application', 'banner', 'update', true, '', 2, null, null);
INSERT INTO public."users-permissions_permission" (id, type, controller, action, enabled, policy, role, created_by, updated_by) VALUES (31, 'application', 'collection', 'find', false, '', 1, null, null);
INSERT INTO public."users-permissions_permission" (id, type, controller, action, enabled, policy, role, created_by, updated_by) VALUES (10, 'application', 'banner', 'findone', true, '', 2, null, null);
INSERT INTO public."users-permissions_permission" (id, type, controller, action, enabled, policy, role, created_by, updated_by) VALUES (33, 'application', 'collection', 'findone', false, '', 1, null, null);
INSERT INTO public."users-permissions_permission" (id, type, controller, action, enabled, policy, role, created_by, updated_by) VALUES (68, 'application', 'promotions', 'find', true, '', 2, null, null);
INSERT INTO public."users-permissions_permission" (id, type, controller, action, enabled, policy, role, created_by, updated_by) VALUES (35, 'application', 'collection', 'update', false, '', 1, null, null);
INSERT INTO public."users-permissions_permission" (id, type, controller, action, enabled, policy, role, created_by, updated_by) VALUES (70, 'application', 'promotions', 'findone', true, '', 2, null, null);
INSERT INTO public."users-permissions_permission" (id, type, controller, action, enabled, policy, role, created_by, updated_by) VALUES (37, 'application', 'product-categories', 'count', false, '', 1, null, null);
INSERT INTO public."users-permissions_permission" (id, type, controller, action, enabled, policy, role, created_by, updated_by) VALUES (39, 'application', 'product-categories', 'create', false, '', 1, null, null);
INSERT INTO public."users-permissions_permission" (id, type, controller, action, enabled, policy, role, created_by, updated_by) VALUES (41, 'application', 'product-categories', 'delete', false, '', 1, null, null);
INSERT INTO public."users-permissions_permission" (id, type, controller, action, enabled, policy, role, created_by, updated_by) VALUES (43, 'application', 'product-categories', 'find', false, '', 1, null, null);
INSERT INTO public."users-permissions_permission" (id, type, controller, action, enabled, policy, role, created_by, updated_by) VALUES (45, 'application', 'product-categories', 'findone', false, '', 1, null, null);
INSERT INTO public."users-permissions_permission" (id, type, controller, action, enabled, policy, role, created_by, updated_by) VALUES (47, 'application', 'product-categories', 'update', false, '', 1, null, null);
INSERT INTO public."users-permissions_permission" (id, type, controller, action, enabled, policy, role, created_by, updated_by) VALUES (49, 'application', 'product', 'count', false, '', 1, null, null);
INSERT INTO public."users-permissions_permission" (id, type, controller, action, enabled, policy, role, created_by, updated_by) VALUES (40, 'application', 'product-categories', 'create', true, '', 2, null, null);
INSERT INTO public."users-permissions_permission" (id, type, controller, action, enabled, policy, role, created_by, updated_by) VALUES (51, 'application', 'product', 'create', false, '', 1, null, null);
INSERT INTO public."users-permissions_permission" (id, type, controller, action, enabled, policy, role, created_by, updated_by) VALUES (44, 'application', 'product-categories', 'find', true, '', 2, null, null);
INSERT INTO public."users-permissions_permission" (id, type, controller, action, enabled, policy, role, created_by, updated_by) VALUES (53, 'application', 'product', 'delete', false, '', 1, null, null);
INSERT INTO public."users-permissions_permission" (id, type, controller, action, enabled, policy, role, created_by, updated_by) VALUES (38, 'application', 'product-categories', 'count', true, '', 2, null, null);
INSERT INTO public."users-permissions_permission" (id, type, controller, action, enabled, policy, role, created_by, updated_by) VALUES (55, 'application', 'product', 'find', false, '', 1, null, null);
INSERT INTO public."users-permissions_permission" (id, type, controller, action, enabled, policy, role, created_by, updated_by) VALUES (46, 'application', 'product-categories', 'findone', true, '', 2, null, null);
INSERT INTO public."users-permissions_permission" (id, type, controller, action, enabled, policy, role, created_by, updated_by) VALUES (57, 'application', 'product', 'findone', false, '', 1, null, null);
INSERT INTO public."users-permissions_permission" (id, type, controller, action, enabled, policy, role, created_by, updated_by) VALUES (48, 'application', 'product-categories', 'update', true, '', 2, null, null);
INSERT INTO public."users-permissions_permission" (id, type, controller, action, enabled, policy, role, created_by, updated_by) VALUES (59, 'application', 'product', 'update', false, '', 1, null, null);
INSERT INTO public."users-permissions_permission" (id, type, controller, action, enabled, policy, role, created_by, updated_by) VALUES (42, 'application', 'product-categories', 'delete', true, '', 2, null, null);
INSERT INTO public."users-permissions_permission" (id, type, controller, action, enabled, policy, role, created_by, updated_by) VALUES (61, 'application', 'promotions', 'count', false, '', 1, null, null);
INSERT INTO public."users-permissions_permission" (id, type, controller, action, enabled, policy, role, created_by, updated_by) VALUES (63, 'application', 'promotions', 'create', false, '', 1, null, null);
INSERT INTO public."users-permissions_permission" (id, type, controller, action, enabled, policy, role, created_by, updated_by) VALUES (65, 'application', 'promotions', 'delete', false, '', 1, null, null);
INSERT INTO public."users-permissions_permission" (id, type, controller, action, enabled, policy, role, created_by, updated_by) VALUES (67, 'application', 'promotions', 'find', false, '', 1, null, null);
INSERT INTO public."users-permissions_permission" (id, type, controller, action, enabled, policy, role, created_by, updated_by) VALUES (60, 'application', 'product', 'update', true, '', 2, null, null);
INSERT INTO public."users-permissions_permission" (id, type, controller, action, enabled, policy, role, created_by, updated_by) VALUES (69, 'application', 'promotions', 'findone', false, '', 1, null, null);
INSERT INTO public."users-permissions_permission" (id, type, controller, action, enabled, policy, role, created_by, updated_by) VALUES (52, 'application', 'product', 'create', true, '', 2, null, null);
INSERT INTO public."users-permissions_permission" (id, type, controller, action, enabled, policy, role, created_by, updated_by) VALUES (71, 'application', 'promotions', 'update', false, '', 1, null, null);
INSERT INTO public."users-permissions_permission" (id, type, controller, action, enabled, policy, role, created_by, updated_by) VALUES (73, 'content-manager', 'components', 'findcomponent', false, '', 1, null, null);
INSERT INTO public."users-permissions_permission" (id, type, controller, action, enabled, policy, role, created_by, updated_by) VALUES (74, 'content-manager', 'components', 'findcomponent', false, '', 2, null, null);
INSERT INTO public."users-permissions_permission" (id, type, controller, action, enabled, policy, role, created_by, updated_by) VALUES (75, 'content-manager', 'components', 'listcomponents', false, '', 1, null, null);
INSERT INTO public."users-permissions_permission" (id, type, controller, action, enabled, policy, role, created_by, updated_by) VALUES (76, 'content-manager', 'components', 'listcomponents', false, '', 2, null, null);
INSERT INTO public."users-permissions_permission" (id, type, controller, action, enabled, policy, role, created_by, updated_by) VALUES (77, 'content-manager', 'components', 'updatecomponent', false, '', 1, null, null);
INSERT INTO public."users-permissions_permission" (id, type, controller, action, enabled, policy, role, created_by, updated_by) VALUES (78, 'content-manager', 'components', 'updatecomponent', false, '', 2, null, null);
INSERT INTO public."users-permissions_permission" (id, type, controller, action, enabled, policy, role, created_by, updated_by) VALUES (79, 'content-manager', 'contentmanager', 'checkuidavailability', false, '', 1, null, null);
INSERT INTO public."users-permissions_permission" (id, type, controller, action, enabled, policy, role, created_by, updated_by) VALUES (80, 'content-manager', 'contentmanager', 'checkuidavailability', false, '', 2, null, null);
INSERT INTO public."users-permissions_permission" (id, type, controller, action, enabled, policy, role, created_by, updated_by) VALUES (22, 'application', 'brand', 'findone', true, '', 2, null, null);
INSERT INTO public."users-permissions_permission" (id, type, controller, action, enabled, policy, role, created_by, updated_by) VALUES (18, 'application', 'brand', 'delete', true, '', 2, null, null);
INSERT INTO public."users-permissions_permission" (id, type, controller, action, enabled, policy, role, created_by, updated_by) VALUES (20, 'application', 'brand', 'find', true, '', 2, null, null);
INSERT INTO public."users-permissions_permission" (id, type, controller, action, enabled, policy, role, created_by, updated_by) VALUES (81, 'content-manager', 'contentmanager', 'count', false, '', 1, null, null);
INSERT INTO public."users-permissions_permission" (id, type, controller, action, enabled, policy, role, created_by, updated_by) VALUES (82, 'content-manager', 'contentmanager', 'count', false, '', 2, null, null);
INSERT INTO public."users-permissions_permission" (id, type, controller, action, enabled, policy, role, created_by, updated_by) VALUES (83, 'content-manager', 'contentmanager', 'create', false, '', 1, null, null);
INSERT INTO public."users-permissions_permission" (id, type, controller, action, enabled, policy, role, created_by, updated_by) VALUES (84, 'content-manager', 'contentmanager', 'create', false, '', 2, null, null);
INSERT INTO public."users-permissions_permission" (id, type, controller, action, enabled, policy, role, created_by, updated_by) VALUES (85, 'content-manager', 'contentmanager', 'delete', false, '', 1, null, null);
INSERT INTO public."users-permissions_permission" (id, type, controller, action, enabled, policy, role, created_by, updated_by) VALUES (86, 'content-manager', 'contentmanager', 'delete', false, '', 2, null, null);
INSERT INTO public."users-permissions_permission" (id, type, controller, action, enabled, policy, role, created_by, updated_by) VALUES (87, 'content-manager', 'contentmanager', 'deletemany', false, '', 1, null, null);
INSERT INTO public."users-permissions_permission" (id, type, controller, action, enabled, policy, role, created_by, updated_by) VALUES (16, 'application', 'brand', 'create', true, '', 2, null, null);
INSERT INTO public."users-permissions_permission" (id, type, controller, action, enabled, policy, role, created_by, updated_by) VALUES (14, 'application', 'brand', 'count', true, '', 2, null, null);
INSERT INTO public."users-permissions_permission" (id, type, controller, action, enabled, policy, role, created_by, updated_by) VALUES (24, 'application', 'brand', 'update', true, '', 2, null, null);
INSERT INTO public."users-permissions_permission" (id, type, controller, action, enabled, policy, role, created_by, updated_by) VALUES (36, 'application', 'collection', 'update', true, '', 2, null, null);
INSERT INTO public."users-permissions_permission" (id, type, controller, action, enabled, policy, role, created_by, updated_by) VALUES (34, 'application', 'collection', 'findone', true, '', 2, null, null);
INSERT INTO public."users-permissions_permission" (id, type, controller, action, enabled, policy, role, created_by, updated_by) VALUES (32, 'application', 'collection', 'find', true, '', 2, null, null);
INSERT INTO public."users-permissions_permission" (id, type, controller, action, enabled, policy, role, created_by, updated_by) VALUES (30, 'application', 'collection', 'delete', true, '', 2, null, null);
INSERT INTO public."users-permissions_permission" (id, type, controller, action, enabled, policy, role, created_by, updated_by) VALUES (88, 'content-manager', 'contentmanager', 'deletemany', false, '', 2, null, null);
INSERT INTO public."users-permissions_permission" (id, type, controller, action, enabled, policy, role, created_by, updated_by) VALUES (100, 'content-manager', 'contenttypes', 'findcontenttype', false, '', 2, null, null);
INSERT INTO public."users-permissions_permission" (id, type, controller, action, enabled, policy, role, created_by, updated_by) VALUES (107, 'content-type-builder', 'componentcategories', 'deletecategory', false, '', 1, null, null);
INSERT INTO public."users-permissions_permission" (id, type, controller, action, enabled, policy, role, created_by, updated_by) VALUES (116, 'content-type-builder', 'components', 'getcomponent', false, '', 2, null, null);
INSERT INTO public."users-permissions_permission" (id, type, controller, action, enabled, policy, role, created_by, updated_by) VALUES (129, 'content-type-builder', 'contenttypes', 'getcontenttypes', false, '', 1, null, null);
INSERT INTO public."users-permissions_permission" (id, type, controller, action, enabled, policy, role, created_by, updated_by) VALUES (139, 'upload', 'upload', 'destroy', false, '', 1, null, null);
INSERT INTO public."users-permissions_permission" (id, type, controller, action, enabled, policy, role, created_by, updated_by) VALUES (149, 'upload', 'upload', 'updatesettings', false, '', 1, null, null);
INSERT INTO public."users-permissions_permission" (id, type, controller, action, enabled, policy, role, created_by, updated_by) VALUES (159, 'users-permissions', 'auth', 'forgotpassword', false, '', 1, null, null);
INSERT INTO public."users-permissions_permission" (id, type, controller, action, enabled, policy, role, created_by, updated_by) VALUES (168, 'users-permissions', 'user', 'count', false, '', 2, null, null);
INSERT INTO public."users-permissions_permission" (id, type, controller, action, enabled, policy, role, created_by, updated_by) VALUES (176, 'users-permissions', 'user', 'find', false, '', 2, null, null);
INSERT INTO public."users-permissions_permission" (id, type, controller, action, enabled, policy, role, created_by, updated_by) VALUES (188, 'users-permissions', 'userspermissions', 'getadvancedsettings', false, '', 2, null, null);
INSERT INTO public."users-permissions_permission" (id, type, controller, action, enabled, policy, role, created_by, updated_by) VALUES (196, 'users-permissions', 'userspermissions', 'getproviders', false, '', 2, null, null);
INSERT INTO public."users-permissions_permission" (id, type, controller, action, enabled, policy, role, created_by, updated_by) VALUES (206, 'users-permissions', 'userspermissions', 'searchusers', false, '', 2, null, null);
INSERT INTO public."users-permissions_permission" (id, type, controller, action, enabled, policy, role, created_by, updated_by) VALUES (89, 'content-manager', 'contentmanager', 'find', false, '', 1, null, null);
INSERT INTO public."users-permissions_permission" (id, type, controller, action, enabled, policy, role, created_by, updated_by) VALUES (96, 'content-manager', 'contentmanager', 'generateuid', false, '', 2, null, null);
INSERT INTO public."users-permissions_permission" (id, type, controller, action, enabled, policy, role, created_by, updated_by) VALUES (110, 'content-type-builder', 'componentcategories', 'editcategory', false, '', 2, null, null);
INSERT INTO public."users-permissions_permission" (id, type, controller, action, enabled, policy, role, created_by, updated_by) VALUES (119, 'content-type-builder', 'components', 'updatecomponent', false, '', 1, null, null);
INSERT INTO public."users-permissions_permission" (id, type, controller, action, enabled, policy, role, created_by, updated_by) VALUES (130, 'content-type-builder', 'contenttypes', 'getcontenttypes', false, '', 2, null, null);
INSERT INTO public."users-permissions_permission" (id, type, controller, action, enabled, policy, role, created_by, updated_by) VALUES (140, 'upload', 'upload', 'destroy', false, '', 2, null, null);
INSERT INTO public."users-permissions_permission" (id, type, controller, action, enabled, policy, role, created_by, updated_by) VALUES (147, 'upload', 'upload', 'search', false, '', 1, null, null);
INSERT INTO public."users-permissions_permission" (id, type, controller, action, enabled, policy, role, created_by, updated_by) VALUES (160, 'users-permissions', 'auth', 'forgotpassword', true, '', 2, null, null);
INSERT INTO public."users-permissions_permission" (id, type, controller, action, enabled, policy, role, created_by, updated_by) VALUES (169, 'users-permissions', 'user', 'create', false, '', 1, null, null);
INSERT INTO public."users-permissions_permission" (id, type, controller, action, enabled, policy, role, created_by, updated_by) VALUES (180, 'users-permissions', 'user', 'me', true, '', 2, null, null);
INSERT INTO public."users-permissions_permission" (id, type, controller, action, enabled, policy, role, created_by, updated_by) VALUES (190, 'users-permissions', 'userspermissions', 'getemailtemplate', false, '', 2, null, null);
INSERT INTO public."users-permissions_permission" (id, type, controller, action, enabled, policy, role, created_by, updated_by) VALUES (200, 'users-permissions', 'userspermissions', 'getroles', false, '', 2, null, null);
INSERT INTO public."users-permissions_permission" (id, type, controller, action, enabled, policy, role, created_by, updated_by) VALUES (210, 'users-permissions', 'userspermissions', 'updateemailtemplate', false, '', 2, null, null);
INSERT INTO public."users-permissions_permission" (id, type, controller, action, enabled, policy, role, created_by, updated_by) VALUES (90, 'content-manager', 'contentmanager', 'find', false, '', 2, null, null);
INSERT INTO public."users-permissions_permission" (id, type, controller, action, enabled, policy, role, created_by, updated_by) VALUES (98, 'content-manager', 'contentmanager', 'update', false, '', 2, null, null);
INSERT INTO public."users-permissions_permission" (id, type, controller, action, enabled, policy, role, created_by, updated_by) VALUES (108, 'content-type-builder', 'componentcategories', 'deletecategory', false, '', 2, null, null);
INSERT INTO public."users-permissions_permission" (id, type, controller, action, enabled, policy, role, created_by, updated_by) VALUES (117, 'content-type-builder', 'components', 'getcomponents', false, '', 1, null, null);
INSERT INTO public."users-permissions_permission" (id, type, controller, action, enabled, policy, role, created_by, updated_by) VALUES (127, 'content-type-builder', 'contenttypes', 'getcontenttype', false, '', 1, null, null);
INSERT INTO public."users-permissions_permission" (id, type, controller, action, enabled, policy, role, created_by, updated_by) VALUES (136, 'upload', 'proxy', 'uploadproxy', false, '', 2, null, null);
INSERT INTO public."users-permissions_permission" (id, type, controller, action, enabled, policy, role, created_by, updated_by) VALUES (148, 'upload', 'upload', 'search', false, '', 2, null, null);
INSERT INTO public."users-permissions_permission" (id, type, controller, action, enabled, policy, role, created_by, updated_by) VALUES (158, 'users-permissions', 'auth', 'emailconfirmation', true, '', 2, null, null);
INSERT INTO public."users-permissions_permission" (id, type, controller, action, enabled, policy, role, created_by, updated_by) VALUES (166, 'users-permissions', 'auth', 'sendemailconfirmation', false, '', 2, null, null);
INSERT INTO public."users-permissions_permission" (id, type, controller, action, enabled, policy, role, created_by, updated_by) VALUES (178, 'users-permissions', 'user', 'findone', false, '', 2, null, null);
INSERT INTO public."users-permissions_permission" (id, type, controller, action, enabled, policy, role, created_by, updated_by) VALUES (187, 'users-permissions', 'userspermissions', 'getadvancedsettings', false, '', 1, null, null);
INSERT INTO public."users-permissions_permission" (id, type, controller, action, enabled, policy, role, created_by, updated_by) VALUES (199, 'users-permissions', 'userspermissions', 'getroles', false, '', 1, null, null);
INSERT INTO public."users-permissions_permission" (id, type, controller, action, enabled, policy, role, created_by, updated_by) VALUES (209, 'users-permissions', 'userspermissions', 'updateemailtemplate', false, '', 1, null, null);
INSERT INTO public."users-permissions_permission" (id, type, controller, action, enabled, policy, role, created_by, updated_by) VALUES (91, 'content-manager', 'contentmanager', 'findone', false, '', 1, null, null);
INSERT INTO public."users-permissions_permission" (id, type, controller, action, enabled, policy, role, created_by, updated_by) VALUES (101, 'content-manager', 'contenttypes', 'listcontenttypes', false, '', 1, null, null);
INSERT INTO public."users-permissions_permission" (id, type, controller, action, enabled, policy, role, created_by, updated_by) VALUES (111, 'content-type-builder', 'components', 'createcomponent', false, '', 1, null, null);
INSERT INTO public."users-permissions_permission" (id, type, controller, action, enabled, policy, role, created_by, updated_by) VALUES (121, 'content-type-builder', 'connections', 'getconnections', false, '', 1, null, null);
INSERT INTO public."users-permissions_permission" (id, type, controller, action, enabled, policy, role, created_by, updated_by) VALUES (131, 'content-type-builder', 'contenttypes', 'updatecontenttype', false, '', 1, null, null);
INSERT INTO public."users-permissions_permission" (id, type, controller, action, enabled, policy, role, created_by, updated_by) VALUES (141, 'upload', 'upload', 'find', false, '', 1, null, null);
INSERT INTO public."users-permissions_permission" (id, type, controller, action, enabled, policy, role, created_by, updated_by) VALUES (151, 'upload', 'upload', 'upload', false, '', 1, null, null);
INSERT INTO public."users-permissions_permission" (id, type, controller, action, enabled, policy, role, created_by, updated_by) VALUES (161, 'users-permissions', 'auth', 'register', false, '', 1, null, null);
INSERT INTO public."users-permissions_permission" (id, type, controller, action, enabled, policy, role, created_by, updated_by) VALUES (171, 'users-permissions', 'user', 'destroy', false, '', 1, null, null);
INSERT INTO public."users-permissions_permission" (id, type, controller, action, enabled, policy, role, created_by, updated_by) VALUES (181, 'users-permissions', 'user', 'update', false, '', 1, null, null);
INSERT INTO public."users-permissions_permission" (id, type, controller, action, enabled, policy, role, created_by, updated_by) VALUES (191, 'users-permissions', 'userspermissions', 'getpermissions', false, '', 1, null, null);
INSERT INTO public."users-permissions_permission" (id, type, controller, action, enabled, policy, role, created_by, updated_by) VALUES (201, 'users-permissions', 'userspermissions', 'getroutes', false, '', 1, null, null);
INSERT INTO public."users-permissions_permission" (id, type, controller, action, enabled, policy, role, created_by, updated_by) VALUES (211, 'users-permissions', 'userspermissions', 'updateproviders', false, '', 1, null, null);
INSERT INTO public."users-permissions_permission" (id, type, controller, action, enabled, policy, role, created_by, updated_by) VALUES (92, 'content-manager', 'contentmanager', 'findone', false, '', 2, null, null);
INSERT INTO public."users-permissions_permission" (id, type, controller, action, enabled, policy, role, created_by, updated_by) VALUES (102, 'content-manager', 'contenttypes', 'listcontenttypes', false, '', 2, null, null);
INSERT INTO public."users-permissions_permission" (id, type, controller, action, enabled, policy, role, created_by, updated_by) VALUES (112, 'content-type-builder', 'components', 'createcomponent', false, '', 2, null, null);
INSERT INTO public."users-permissions_permission" (id, type, controller, action, enabled, policy, role, created_by, updated_by) VALUES (122, 'content-type-builder', 'connections', 'getconnections', false, '', 2, null, null);
INSERT INTO public."users-permissions_permission" (id, type, controller, action, enabled, policy, role, created_by, updated_by) VALUES (132, 'content-type-builder', 'contenttypes', 'updatecontenttype', false, '', 2, null, null);
INSERT INTO public."users-permissions_permission" (id, type, controller, action, enabled, policy, role, created_by, updated_by) VALUES (142, 'upload', 'upload', 'find', false, '', 2, null, null);
INSERT INTO public."users-permissions_permission" (id, type, controller, action, enabled, policy, role, created_by, updated_by) VALUES (152, 'upload', 'upload', 'upload', false, '', 2, null, null);
INSERT INTO public."users-permissions_permission" (id, type, controller, action, enabled, policy, role, created_by, updated_by) VALUES (162, 'users-permissions', 'auth', 'register', true, '', 2, null, null);
INSERT INTO public."users-permissions_permission" (id, type, controller, action, enabled, policy, role, created_by, updated_by) VALUES (172, 'users-permissions', 'user', 'destroy', false, '', 2, null, null);
INSERT INTO public."users-permissions_permission" (id, type, controller, action, enabled, policy, role, created_by, updated_by) VALUES (182, 'users-permissions', 'user', 'update', false, '', 2, null, null);
INSERT INTO public."users-permissions_permission" (id, type, controller, action, enabled, policy, role, created_by, updated_by) VALUES (192, 'users-permissions', 'userspermissions', 'getpermissions', false, '', 2, null, null);
INSERT INTO public."users-permissions_permission" (id, type, controller, action, enabled, policy, role, created_by, updated_by) VALUES (202, 'users-permissions', 'userspermissions', 'getroutes', false, '', 2, null, null);
INSERT INTO public."users-permissions_permission" (id, type, controller, action, enabled, policy, role, created_by, updated_by) VALUES (212, 'users-permissions', 'userspermissions', 'updateproviders', false, '', 2, null, null);
INSERT INTO public."users-permissions_permission" (id, type, controller, action, enabled, policy, role, created_by, updated_by) VALUES (93, 'content-manager', 'contentmanager', 'findrelationlist', false, '', 1, null, null);
INSERT INTO public."users-permissions_permission" (id, type, controller, action, enabled, policy, role, created_by, updated_by) VALUES (104, 'content-manager', 'contenttypes', 'updatecontenttype', false, '', 2, null, null);
INSERT INTO public."users-permissions_permission" (id, type, controller, action, enabled, policy, role, created_by, updated_by) VALUES (114, 'content-type-builder', 'components', 'deletecomponent', false, '', 2, null, null);
INSERT INTO public."users-permissions_permission" (id, type, controller, action, enabled, policy, role, created_by, updated_by) VALUES (123, 'content-type-builder', 'contenttypes', 'createcontenttype', false, '', 1, null, null);
INSERT INTO public."users-permissions_permission" (id, type, controller, action, enabled, policy, role, created_by, updated_by) VALUES (134, 'email', 'email', 'send', false, '', 2, null, null);
INSERT INTO public."users-permissions_permission" (id, type, controller, action, enabled, policy, role, created_by, updated_by) VALUES (143, 'upload', 'upload', 'findone', false, '', 1, null, null);
INSERT INTO public."users-permissions_permission" (id, type, controller, action, enabled, policy, role, created_by, updated_by) VALUES (154, 'users-permissions', 'auth', 'callback', true, '', 2, null, null);
INSERT INTO public."users-permissions_permission" (id, type, controller, action, enabled, policy, role, created_by, updated_by) VALUES (164, 'users-permissions', 'auth', 'resetpassword', true, '', 2, null, null);
INSERT INTO public."users-permissions_permission" (id, type, controller, action, enabled, policy, role, created_by, updated_by) VALUES (173, 'users-permissions', 'user', 'destroyall', false, '', 1, null, null);
INSERT INTO public."users-permissions_permission" (id, type, controller, action, enabled, policy, role, created_by, updated_by) VALUES (184, 'users-permissions', 'userspermissions', 'createrole', false, '', 2, null, null);
INSERT INTO public."users-permissions_permission" (id, type, controller, action, enabled, policy, role, created_by, updated_by) VALUES (193, 'users-permissions', 'userspermissions', 'getpolicies', false, '', 1, null, null);
INSERT INTO public."users-permissions_permission" (id, type, controller, action, enabled, policy, role, created_by, updated_by) VALUES (204, 'users-permissions', 'userspermissions', 'index', false, '', 2, null, null);
INSERT INTO public."users-permissions_permission" (id, type, controller, action, enabled, policy, role, created_by, updated_by) VALUES (214, 'users-permissions', 'userspermissions', 'updaterole', false, '', 2, null, null);
INSERT INTO public."users-permissions_permission" (id, type, controller, action, enabled, policy, role, created_by, updated_by) VALUES (94, 'content-manager', 'contentmanager', 'findrelationlist', false, '', 2, null, null);
INSERT INTO public."users-permissions_permission" (id, type, controller, action, enabled, policy, role, created_by, updated_by) VALUES (103, 'content-manager', 'contenttypes', 'updatecontenttype', false, '', 1, null, null);
INSERT INTO public."users-permissions_permission" (id, type, controller, action, enabled, policy, role, created_by, updated_by) VALUES (113, 'content-type-builder', 'components', 'deletecomponent', false, '', 1, null, null);
INSERT INTO public."users-permissions_permission" (id, type, controller, action, enabled, policy, role, created_by, updated_by) VALUES (124, 'content-type-builder', 'contenttypes', 'createcontenttype', false, '', 2, null, null);
INSERT INTO public."users-permissions_permission" (id, type, controller, action, enabled, policy, role, created_by, updated_by) VALUES (133, 'email', 'email', 'send', false, '', 1, null, null);
INSERT INTO public."users-permissions_permission" (id, type, controller, action, enabled, policy, role, created_by, updated_by) VALUES (144, 'upload', 'upload', 'findone', false, '', 2, null, null);
INSERT INTO public."users-permissions_permission" (id, type, controller, action, enabled, policy, role, created_by, updated_by) VALUES (153, 'users-permissions', 'auth', 'callback', false, '', 1, null, null);
INSERT INTO public."users-permissions_permission" (id, type, controller, action, enabled, policy, role, created_by, updated_by) VALUES (163, 'users-permissions', 'auth', 'resetpassword', false, '', 1, null, null);
INSERT INTO public."users-permissions_permission" (id, type, controller, action, enabled, policy, role, created_by, updated_by) VALUES (174, 'users-permissions', 'user', 'destroyall', false, '', 2, null, null);
INSERT INTO public."users-permissions_permission" (id, type, controller, action, enabled, policy, role, created_by, updated_by) VALUES (183, 'users-permissions', 'userspermissions', 'createrole', false, '', 1, null, null);
INSERT INTO public."users-permissions_permission" (id, type, controller, action, enabled, policy, role, created_by, updated_by) VALUES (194, 'users-permissions', 'userspermissions', 'getpolicies', false, '', 2, null, null);
INSERT INTO public."users-permissions_permission" (id, type, controller, action, enabled, policy, role, created_by, updated_by) VALUES (203, 'users-permissions', 'userspermissions', 'index', false, '', 1, null, null);
INSERT INTO public."users-permissions_permission" (id, type, controller, action, enabled, policy, role, created_by, updated_by) VALUES (213, 'users-permissions', 'userspermissions', 'updaterole', false, '', 1, null, null);
INSERT INTO public."users-permissions_permission" (id, type, controller, action, enabled, policy, role, created_by, updated_by) VALUES (95, 'content-manager', 'contentmanager', 'generateuid', false, '', 1, null, null);
INSERT INTO public."users-permissions_permission" (id, type, controller, action, enabled, policy, role, created_by, updated_by) VALUES (105, 'content-type-builder', 'builder', 'getreservednames', false, '', 1, null, null);
INSERT INTO public."users-permissions_permission" (id, type, controller, action, enabled, policy, role, created_by, updated_by) VALUES (115, 'content-type-builder', 'components', 'getcomponent', false, '', 1, null, null);
INSERT INTO public."users-permissions_permission" (id, type, controller, action, enabled, policy, role, created_by, updated_by) VALUES (125, 'content-type-builder', 'contenttypes', 'deletecontenttype', false, '', 1, null, null);
INSERT INTO public."users-permissions_permission" (id, type, controller, action, enabled, policy, role, created_by, updated_by) VALUES (135, 'upload', 'proxy', 'uploadproxy', false, '', 1, null, null);
INSERT INTO public."users-permissions_permission" (id, type, controller, action, enabled, policy, role, created_by, updated_by) VALUES (145, 'upload', 'upload', 'getsettings', false, '', 1, null, null);
INSERT INTO public."users-permissions_permission" (id, type, controller, action, enabled, policy, role, created_by, updated_by) VALUES (155, 'users-permissions', 'auth', 'connect', true, '', 1, null, null);
INSERT INTO public."users-permissions_permission" (id, type, controller, action, enabled, policy, role, created_by, updated_by) VALUES (165, 'users-permissions', 'auth', 'sendemailconfirmation', false, '', 1, null, null);
INSERT INTO public."users-permissions_permission" (id, type, controller, action, enabled, policy, role, created_by, updated_by) VALUES (175, 'users-permissions', 'user', 'find', false, '', 1, null, null);
INSERT INTO public."users-permissions_permission" (id, type, controller, action, enabled, policy, role, created_by, updated_by) VALUES (185, 'users-permissions', 'userspermissions', 'deleterole', false, '', 1, null, null);
INSERT INTO public."users-permissions_permission" (id, type, controller, action, enabled, policy, role, created_by, updated_by) VALUES (195, 'users-permissions', 'userspermissions', 'getproviders', false, '', 1, null, null);
INSERT INTO public."users-permissions_permission" (id, type, controller, action, enabled, policy, role, created_by, updated_by) VALUES (205, 'users-permissions', 'userspermissions', 'searchusers', false, '', 1, null, null);
INSERT INTO public."users-permissions_permission" (id, type, controller, action, enabled, policy, role, created_by, updated_by) VALUES (97, 'content-manager', 'contentmanager', 'update', false, '', 1, null, null);
INSERT INTO public."users-permissions_permission" (id, type, controller, action, enabled, policy, role, created_by, updated_by) VALUES (106, 'content-type-builder', 'builder', 'getreservednames', false, '', 2, null, null);
INSERT INTO public."users-permissions_permission" (id, type, controller, action, enabled, policy, role, created_by, updated_by) VALUES (118, 'content-type-builder', 'components', 'getcomponents', false, '', 2, null, null);
INSERT INTO public."users-permissions_permission" (id, type, controller, action, enabled, policy, role, created_by, updated_by) VALUES (126, 'content-type-builder', 'contenttypes', 'deletecontenttype', false, '', 2, null, null);
INSERT INTO public."users-permissions_permission" (id, type, controller, action, enabled, policy, role, created_by, updated_by) VALUES (137, 'upload', 'upload', 'count', false, '', 1, null, null);
INSERT INTO public."users-permissions_permission" (id, type, controller, action, enabled, policy, role, created_by, updated_by) VALUES (150, 'upload', 'upload', 'updatesettings', false, '', 2, null, null);
INSERT INTO public."users-permissions_permission" (id, type, controller, action, enabled, policy, role, created_by, updated_by) VALUES (156, 'users-permissions', 'auth', 'connect', true, '', 2, null, null);
INSERT INTO public."users-permissions_permission" (id, type, controller, action, enabled, policy, role, created_by, updated_by) VALUES (170, 'users-permissions', 'user', 'create', false, '', 2, null, null);
INSERT INTO public."users-permissions_permission" (id, type, controller, action, enabled, policy, role, created_by, updated_by) VALUES (179, 'users-permissions', 'user', 'me', true, '', 1, null, null);
INSERT INTO public."users-permissions_permission" (id, type, controller, action, enabled, policy, role, created_by, updated_by) VALUES (189, 'users-permissions', 'userspermissions', 'getemailtemplate', false, '', 1, null, null);
INSERT INTO public."users-permissions_permission" (id, type, controller, action, enabled, policy, role, created_by, updated_by) VALUES (198, 'users-permissions', 'userspermissions', 'getrole', false, '', 2, null, null);
INSERT INTO public."users-permissions_permission" (id, type, controller, action, enabled, policy, role, created_by, updated_by) VALUES (208, 'users-permissions', 'userspermissions', 'updateadvancedsettings', false, '', 2, null, null);
INSERT INTO public."users-permissions_permission" (id, type, controller, action, enabled, policy, role, created_by, updated_by) VALUES (99, 'content-manager', 'contenttypes', 'findcontenttype', false, '', 1, null, null);
INSERT INTO public."users-permissions_permission" (id, type, controller, action, enabled, policy, role, created_by, updated_by) VALUES (109, 'content-type-builder', 'componentcategories', 'editcategory', false, '', 1, null, null);
INSERT INTO public."users-permissions_permission" (id, type, controller, action, enabled, policy, role, created_by, updated_by) VALUES (120, 'content-type-builder', 'components', 'updatecomponent', false, '', 2, null, null);
INSERT INTO public."users-permissions_permission" (id, type, controller, action, enabled, policy, role, created_by, updated_by) VALUES (128, 'content-type-builder', 'contenttypes', 'getcontenttype', false, '', 2, null, null);
INSERT INTO public."users-permissions_permission" (id, type, controller, action, enabled, policy, role, created_by, updated_by) VALUES (138, 'upload', 'upload', 'count', false, '', 2, null, null);
INSERT INTO public."users-permissions_permission" (id, type, controller, action, enabled, policy, role, created_by, updated_by) VALUES (146, 'upload', 'upload', 'getsettings', false, '', 2, null, null);
INSERT INTO public."users-permissions_permission" (id, type, controller, action, enabled, policy, role, created_by, updated_by) VALUES (157, 'users-permissions', 'auth', 'emailconfirmation', false, '', 1, null, null);
INSERT INTO public."users-permissions_permission" (id, type, controller, action, enabled, policy, role, created_by, updated_by) VALUES (167, 'users-permissions', 'user', 'count', false, '', 1, null, null);
INSERT INTO public."users-permissions_permission" (id, type, controller, action, enabled, policy, role, created_by, updated_by) VALUES (177, 'users-permissions', 'user', 'findone', false, '', 1, null, null);
INSERT INTO public."users-permissions_permission" (id, type, controller, action, enabled, policy, role, created_by, updated_by) VALUES (186, 'users-permissions', 'userspermissions', 'deleterole', false, '', 2, null, null);
INSERT INTO public."users-permissions_permission" (id, type, controller, action, enabled, policy, role, created_by, updated_by) VALUES (197, 'users-permissions', 'userspermissions', 'getrole', false, '', 1, null, null);
INSERT INTO public."users-permissions_permission" (id, type, controller, action, enabled, policy, role, created_by, updated_by) VALUES (207, 'users-permissions', 'userspermissions', 'updateadvancedsettings', false, '', 1, null, null);INSERT INTO public."users-permissions_role" (id, name, description, type, created_by, updated_by) VALUES (1, 'Authenticated', 'Default role given to authenticated user.', 'authenticated', null, null);
INSERT INTO public."users-permissions_role" (id, name, description, type, created_by, updated_by) VALUES (2, 'Public', 'Default role given to unauthenticated user. Used in development Mode , must be disabled in production! ', 'public', null, null);INSERT INTO public."users-permissions_user" (id, username, email, provider, password, "resetPasswordToken", confirmed, blocked, role, created_by, updated_by, created_at, updated_at, nom, prenom, birth_date) VALUES (1, 'ayari1769', 'ayari1769@gmail.com', 'google', null, null, true, null, 1, null, null, '2021-03-18 16:21:02.614000', '2021-03-18 16:21:02.626000', null, null, null);